scene_source_id,scene_editor_id,quest_source_id,quest_editor_id,action_index,actor_alias_id,actor_alias_name,start_phase,end_phase,flags,package_source_id,package_editor_id,package_record_type
Glenmoril.esm:009B94,zzzGHMq01SideASc05,Glenmoril.esm:009B83,zzzGHMq01SideA,3,0,Chaplain,0,2,,Skyrim.esm:0CA348,,
Glenmoril.esm:007791,zzzLrhMq01Sc02,Glenmoril.esm:007733,zzzLrhMq01,1,0,Lalanoah,0,0,,Glenmoril.esm:007792,zzzLrhmq01LalanoahFindSnail,PACK
Glenmoril.esm:007791,zzzLrhMq01Sc02,Glenmoril.esm:007733,zzzLrhMq01,2,0,Lalanoah,1,1,,Glenmoril.esm:007792,zzzLrhmq01LalanoahFindSnail,PACK
Glenmoril.esm:007791,zzzLrhMq01Sc02,Glenmoril.esm:007733,zzzLrhMq01,4,0,Lalanoah,2,2,,Glenmoril.esm:007796,zzzLrhMq01LalanoahFindBeeHive,PACK
Glenmoril.esm:007791,zzzLrhMq01Sc02,Glenmoril.esm:007733,zzzLrhMq01,5,0,Lalanoah,3,3,,Glenmoril.esm:007796,zzzLrhMq01LalanoahFindBeeHive,PACK
Glenmoril.esm:007791,zzzLrhMq01Sc02,Glenmoril.esm:007733,zzzLrhMq01,7,0,Lalanoah,4,4,,Glenmoril.esm:007799,zzzLrhmq01Sc02LalanoahFindMushRoom,PACK
Glenmoril.esm:007791,zzzLrhMq01Sc02,Glenmoril.esm:007733,zzzLrhMq01,8,0,Lalanoah,5,5,,Glenmoril.esm:007799,zzzLrhmq01Sc02LalanoahFindMushRoom,PACK
Glenmoril.esm:007791,zzzLrhMq01Sc02,Glenmoril.esm:007733,zzzLrhMq01,10,0,Lalanoah,6,6,,Glenmoril.esm:00779C,zzzLrhMq01Sc02LalanoahFindBirdNest,PACK
Glenmoril.esm:007791,zzzLrhMq01Sc02,Glenmoril.esm:007733,zzzLrhMq01,11,0,Lalanoah,7,7,,Glenmoril.esm:00779C,zzzLrhMq01Sc02LalanoahFindBirdNest,PACK
Glenmoril.esm:007791,zzzLrhMq01Sc02,Glenmoril.esm:007733,zzzLrhMq01,14,0,Lalanoah,8,8,,Glenmoril.esm:00779F,zzzLrhmq01Sc02LalanoahArrvied,PACK
Glenmoril.esm:007791,zzzLrhMq01Sc02,Glenmoril.esm:007733,zzzLrhMq01,15,0,Lalanoah,9,11,,Glenmoril.esm:00779F,zzzLrhmq01Sc02LalanoahArrvied,PACK
Glenmoril.esm:0172B1,zzzGHMq05scHera,Glenmoril.esm:01719C,zzzGHMq05,4,11,Hera,2,8,,Glenmoril.esm:0172BF,zzzGHMq05HeraNoticePlayer,PACK
Glenmoril.esm:00EF1B,zzzGHMq02GESc01,Glenmoril.esm:00EEFA,zzzGHMq02GoodEnd,1,1,DChild,0,0,,Glenmoril.esm:00EF1C,zzzGhMq02GEChildStayGrandma,PACK
Glenmoril.esm:00EF1B,zzzGHMq02GESc01,Glenmoril.esm:00EEFA,zzzGHMq02GoodEnd,2,1,DChild,1,1,,Glenmoril.esm:00EF1C,zzzGhMq02GEChildStayGrandma,PACK
Glenmoril.esm:47AAF6,zzzLrhqItheliaCall01Sc01,Glenmoril.esm:47AAEF,zzzLrhqItheliaCall01,10,6,Jazel2,0,4,,Glenmoril.esm:47AB76,zzzLrhQICJazelReadingBook,PACK
Glenmoril.esm:47AAF6,zzzLrhqItheliaCall01Sc01,Glenmoril.esm:47AAEF,zzzLrhqItheliaCall01,11,6,Jazel2,5,5,,Glenmoril.esm:47AB77,zzzLRHICJazelCloseTOPlayer,PACK
Glenmoril.esm:47AAF6,zzzLrhqItheliaCall01Sc01,Glenmoril.esm:47AAEF,zzzLrhqItheliaCall01,12,6,Jazel2,6,12,,Glenmoril.esm:47AB77,zzzLRHICJazelCloseTOPlayer,PACK
Glenmoril.esm:0179D7,zzzGHMq06ScMedic,Glenmoril.esm:017733,zzzGHMq06,1,4,Ozwald,0,0,,Glenmoril.esm:0179D8,zzzGHMq06OzwaldListenRomion,PACK
Glenmoril.esm:0179D7,zzzGHMq06ScMedic,Glenmoril.esm:017733,zzzGHMq06,2,7,Romion,0,0,,Glenmoril.esm:0179D9,zzzGHMq06RomionTalkToOzwald,PACK
Glenmoril.esm:0179D7,zzzGHMq06ScMedic,Glenmoril.esm:017733,zzzGHMq06,3,4,Ozwald,1,8,,Glenmoril.esm:0179D8,zzzGHMq06OzwaldListenRomion,PACK
Glenmoril.esm:0179D7,zzzGHMq06ScMedic,Glenmoril.esm:017733,zzzGHMq06,4,7,Romion,1,8,,Glenmoril.esm:0179D9,zzzGHMq06RomionTalkToOzwald,PACK
Glenmoril.esm:11E09A,zzzLaMMq04ScJazel1,Glenmoril.esm:11E085,zzzLaMMq04,1,8,ChickTrader,0,0,,Glenmoril.esm:11E09B,zzzLaMMq04JazelCloseToPlayer,PACK
Glenmoril.esm:11E09A,zzzLaMMq04ScJazel1,Glenmoril.esm:11E085,zzzLaMMq04,2,8,ChickTrader,1,1,,Glenmoril.esm:11E09B,zzzLaMMq04JazelCloseToPlayer,PACK
Glenmoril.esm:014C94,zzzGHMq04Sub01ScSword,Glenmoril.esm:014C39,zzzGHMq04Sub01,1,1,Brandt,0,0,,Glenmoril.esm:014C95,zzzGHMq04S01BrandtFindSword,PACK
Glenmoril.esm:014C94,zzzGHMq04Sub01ScSword,Glenmoril.esm:014C39,zzzGHMq04Sub01,2,1,Brandt,1,10,,Glenmoril.esm:014C95,zzzGHMq04S01BrandtFindSword,PACK
Glenmoril.esm:014CAA,zzzGHMq04Sub01ScVase,Glenmoril.esm:014C39,zzzGHMq04Sub01,1,1,Brandt,0,0,,Glenmoril.esm:014CAB,zzzGHMq04S01BrandtFindVase,PACK
Glenmoril.esm:014CAA,zzzGHMq04Sub01ScVase,Glenmoril.esm:014C39,zzzGHMq04Sub01,2,1,Brandt,1,7,,Glenmoril.esm:014CAB,zzzGHMq04S01BrandtFindVase,PACK
Glenmoril.esm:01481A,zzzGHMq04ScBriefing,Glenmoril.esm:0147BD,zzzGHMq04,2,2,Ozwald,0,0,,Glenmoril.esm:01481B,zzzGHMq04OzwaldBriefingAirship,PACK
Glenmoril.esm:01481A,zzzGHMq04ScBriefing,Glenmoril.esm:0147BD,zzzGHMq04,3,1,Romion,0,0,,Glenmoril.esm:01481C,zzzGHMq04RomionBriefingOnAirship,PACK
Glenmoril.esm:01481A,zzzGHMq04ScBriefing,Glenmoril.esm:0147BD,zzzGHMq04,4,2,Ozwald,1,10,,Glenmoril.esm:01481B,zzzGHMq04OzwaldBriefingAirship,PACK
Glenmoril.esm:01481A,zzzGHMq04ScBriefing,Glenmoril.esm:0147BD,zzzGHMq04,5,1,Romion,1,10,,Glenmoril.esm:01481C,zzzGHMq04RomionBriefingOnAirship,PACK
Glenmoril.esm:007E8B,zzzLrhMq04ScBloodStain,Glenmoril.esm:007E5E,zzzLrhMq04,2,0,Brandt,0,0,,Glenmoril.esm:007EAE,zzzLrhMq04BrandtMoveToBloodStain,PACK
Glenmoril.esm:007E8B,zzzLrhMq04ScBloodStain,Glenmoril.esm:007E5E,zzzLrhMq04,3,0,Brandt,1,1,,Glenmoril.esm:007EAE,zzzLrhMq04BrandtMoveToBloodStain,PACK
Glenmoril.esm:009B92,zzzGHMq01SideASc03,Glenmoril.esm:009B83,zzzGHMq01SideA,3,0,Chaplain,0,2,,Skyrim.esm:0CA348,,
Glenmoril.esm:0083B1,zzzLrhMq07sc1,Glenmoril.esm:0083AC,zzzLrhMq07,1,0,Ozwald,0,0,,Glenmoril.esm:0083B2,zzzLrhMq07OzwaldStayFrontGate,PACK
Glenmoril.esm:0083B1,zzzLrhMq07sc1,Glenmoril.esm:0083AC,zzzLrhMq07,2,1,Jazel,0,0,,Glenmoril.esm:0083B3,zzzLrhMq07JazelWaitOzawaldFrontGate,PACK
Glenmoril.esm:0083B1,zzzLrhMq07sc1,Glenmoril.esm:0083AC,zzzLrhMq07,3,1,Jazel,1,7,,Glenmoril.esm:0083B3,zzzLrhMq07JazelWaitOzawaldFrontGate,PACK
Glenmoril.esm:0083B1,zzzLrhMq07sc1,Glenmoril.esm:0083AC,zzzLrhMq07,4,0,Ozwald,1,7,,Glenmoril.esm:0083B2,zzzLrhMq07OzwaldStayFrontGate,PACK
Glenmoril.esm:007E7F,zzzLrhMq04ScBarrel,Glenmoril.esm:007E5E,zzzLrhMq04,2,0,Brandt,0,0,,Glenmoril.esm:007EAC,zzzLrhMq04BrandtMoveToBarrel,PACK
Glenmoril.esm:0175C6,zzzGHMq05JscHunter,Glenmoril.esm:017530,zzzGHMq05Joint,1,1,Brandt,0,1,,Glenmoril.esm:0175C7,zzzGHMq05jBrandtFindUrlik,PACK
Glenmoril.esm:0175C6,zzzGHMq05JscHunter,Glenmoril.esm:017530,zzzGHMq05Joint,2,0,Lalanoah,0,1,,Glenmoril.esm:0175C8,zzzGHMq05jLalanoahFindUrlik,PACK
Glenmoril.esm:0175C6,zzzGHMq05JscHunter,Glenmoril.esm:017530,zzzGHMq05Joint,3,1,Brandt,2,8,,Glenmoril.esm:0175C7,zzzGHMq05jBrandtFindUrlik,PACK
Glenmoril.esm:0175C6,zzzGHMq05JscHunter,Glenmoril.esm:017530,zzzGHMq05Joint,4,0,Lalanoah,2,5,,Glenmoril.esm:0175C8,zzzGHMq05jLalanoahFindUrlik,PACK
Glenmoril.esm:0175C6,zzzGHMq05JscHunter,Glenmoril.esm:017530,zzzGHMq05Joint,12,0,Lalanoah,6,8,,Glenmoril.esm:0175D7,zzzGHMq05jLalanoahRunAway,PACK
Glenmoril.esm:0175C6,zzzGHMq05JscHunter,Glenmoril.esm:017530,zzzGHMq05Joint,13,4,Boss01,3,8,,Glenmoril.esm:0175D8,zzzGHMq05jUrilFindLalanoah,PACK
Glenmoril.esm:0175C6,zzzGHMq05JscHunter,Glenmoril.esm:017530,zzzGHMq05Joint,14,2,Skoll,6,8,,Glenmoril.esm:0175D9,zzzGHMq05jSkollRunway,PACK
Glenmoril.esm:01758A,zzzGHMq05JscArrive,Glenmoril.esm:017530,zzzGHMq05Joint,2,1,Brandt,0,0,,Glenmoril.esm:01758D,zzzGHMq05jBrandtStayFrontLair,PACK
Glenmoril.esm:01758A,zzzGHMq05JscArrive,Glenmoril.esm:017530,zzzGHMq05Joint,3,0,Lalanoah,0,0,,Glenmoril.esm:01758E,zzzGHMq05jLalanoahStayFrontLair,PACK
Glenmoril.esm:01758A,zzzGHMq05JscArrive,Glenmoril.esm:017530,zzzGHMq05Joint,4,1,Brandt,1,5,,Glenmoril.esm:01758D,zzzGHMq05jBrandtStayFrontLair,PACK
Glenmoril.esm:01758A,zzzGHMq05JscArrive,Glenmoril.esm:017530,zzzGHMq05Joint,5,0,Lalanoah,1,5,,Glenmoril.esm:01758E,zzzGHMq05jLalanoahStayFrontLair,PACK
Glenmoril.esm:0083FD,zzzLrhMq07sc2,Glenmoril.esm:0083AC,zzzLrhMq07,1,2,Lalanoah,0,2,,Glenmoril.esm:0083FE,zzzLrhMq07LalanoahCastHeal,PACK
Glenmoril.esm:00FDD1,zzzGHMq02Sub01Sc02,Glenmoril.esm:00FD2C,zzzGHMq02Sub01,9,1,Brandt,0,7,,Glenmoril.esm:00FD38,zzzGHMq02SubBrandtGoFrontRoom,PACK
Glenmoril.esm:00FDD1,zzzGHMq02Sub01Sc02,Glenmoril.esm:00FD2C,zzzGHMq02Sub01,10,0,Lalanoah,0,7,,Glenmoril.esm:00FD39,zzzGHMq02SubLalanoahGoToRoom,PACK
Glenmoril.esm:00FDD1,zzzGHMq02Sub01Sc02,Glenmoril.esm:00FD2C,zzzGHMq02Sub01,11,2,Goroll,0,7,,Glenmoril.esm:00FD3A,zzzGHMq02SubGorollGoFrontRoom,PACK
Glenmoril.esm:017287,zzzGHMq05ScHolo,Glenmoril.esm:01719C,zzzGHMq05,1,2,Ozwald,0,0,,Glenmoril.esm:017288,zzzGHMq05OzwaldForwadHologram,PACK
Glenmoril.esm:017287,zzzGHMq05ScHolo,Glenmoril.esm:01719C,zzzGHMq05,2,2,Ozwald,1,8,,Glenmoril.esm:017288,zzzGHMq05OzwaldForwadHologram,PACK
Glenmoril.esm:017540,zzzGHMq05JscBrandtCome,Glenmoril.esm:017530,zzzGHMq05Joint,1,1,Brandt,0,0,,Glenmoril.esm:017541,zzzGHMq05jBrandtStandby,PACK
Glenmoril.esm:017540,zzzGHMq05JscBrandtCome,Glenmoril.esm:017530,zzzGHMq05Joint,2,1,Brandt,1,1,,Glenmoril.esm:017542,zzzGHMq05jBrandtGoToLalanoah,PACK
Glenmoril.esm:017540,zzzGHMq05JscBrandtCome,Glenmoril.esm:017530,zzzGHMq05Joint,3,0,Lalanoah,1,1,,Glenmoril.esm:017543,zzzGHMq05jLalanoahWaitBrandt,PACK
Glenmoril.esm:017540,zzzGHMq05JscBrandtCome,Glenmoril.esm:017530,zzzGHMq05Joint,4,1,Brandt,2,6,,Glenmoril.esm:017542,zzzGHMq05jBrandtGoToLalanoah,PACK
Glenmoril.esm:017540,zzzGHMq05JscBrandtCome,Glenmoril.esm:017530,zzzGHMq05Joint,5,0,Lalanoah,2,6,,Glenmoril.esm:017543,zzzGHMq05jLalanoahWaitBrandt,PACK
Glenmoril.esm:017567,zzzGHMq05JscLetGo,Glenmoril.esm:017530,zzzGHMq05Joint,2,0,Lalanoah,0,5,,Glenmoril.esm:01756A,zzzGHMq05jLalanoahCloseToBrandt,PACK
Glenmoril.esm:017567,zzzGHMq05JscLetGo,Glenmoril.esm:017530,zzzGHMq05Joint,11,1,Brandt,0,5,,Glenmoril.esm:01757B,zzzGHMq05jBrandtGiveUpBeastLair,PACK
Glenmoril.esm:017567,zzzGHMq05JscLetGo,Glenmoril.esm:017530,zzzGHMq05Joint,16,1,Brandt,6,8,,Glenmoril.esm:01757C,zzzGHMq05jBrandtWaitLalanoahComing,PACK
Glenmoril.esm:017567,zzzGHMq05JscLetGo,Glenmoril.esm:017530,zzzGHMq05Joint,17,0,Lalanoah,6,8,,Glenmoril.esm:01757D,zzzGHMq05jLalanoahCallSkoll,PACK
Glenmoril.esm:017567,zzzGHMq05JscLetGo,Glenmoril.esm:017530,zzzGHMq05Joint,18,2,Skoll,0,8,,Glenmoril.esm:01757F,zzzGHMq05jSkollFindJhunal,PACK
Glenmoril.esm:01479F,zzzGHSkit02Sc01,Glenmoril.esm:01479D,zzzGHSkit02,1,0,Yatsu,0,0,,Glenmoril.esm:0147A0,zzzGHSkit02YatsuSearchTreasure,PACK
Glenmoril.esm:01479F,zzzGHSkit02Sc01,Glenmoril.esm:01479D,zzzGHSkit02,2,1,Child,0,0,,Glenmoril.esm:0147A1,zzzGHSkit02ChildStay,PACK
Glenmoril.esm:01479F,zzzGHSkit02Sc01,Glenmoril.esm:01479D,zzzGHSkit02,3,0,Yatsu,1,3,,Glenmoril.esm:0147A0,zzzGHSkit02YatsuSearchTreasure,PACK
Glenmoril.esm:01479F,zzzGHSkit02Sc01,Glenmoril.esm:01479D,zzzGHSkit02,4,1,Child,1,2,,Glenmoril.esm:0147A2,zzzGHSkit02ChildCloseToYastu,PACK
Glenmoril.esm:01479F,zzzGHSkit02Sc01,Glenmoril.esm:01479D,zzzGHSkit02,7,1,Child,3,3,,Glenmoril.esm:0147A7,zzzGHSkit02ChildHitYatsu,PACK
Glenmoril.esm:01479F,zzzGHSkit02Sc01,Glenmoril.esm:01479D,zzzGHSkit02,8,0,Yatsu,4,11,,Glenmoril.esm:0147A8,zzzGHSkit02YatsuLookBack,PACK
Glenmoril.esm:01479F,zzzGHSkit02Sc01,Glenmoril.esm:01479D,zzzGHSkit02,9,1,Child,4,4,,Glenmoril.esm:0147AD,zzzGHSkit02ChildStayWithYatsu,PACK
Glenmoril.esm:01479F,zzzGHSkit02Sc01,Glenmoril.esm:01479D,zzzGHSkit02,12,1,Child,5,11,,Glenmoril.esm:0147AD,zzzGHSkit02ChildStayWithYatsu,PACK
Glenmoril.esm:01479F,zzzGHSkit02Sc01,Glenmoril.esm:01479D,zzzGHSkit02,19,0,Yatsu,12,12,,Glenmoril.esm:0147BA,zzzGHSkit02BackToDark,PACK
Glenmoril.esm:01479F,zzzGHSkit02Sc01,Glenmoril.esm:01479D,zzzGHSkit02,20,1,Child,12,12,,Glenmoril.esm:0147BA,zzzGHSkit02BackToDark,PACK
Glenmoril.esm:01498D,zzzGHMq04ScArkved,Glenmoril.esm:0147BD,zzzGHMq04,1,2,Ozwald,0,0,,Glenmoril.esm:01498E,zzzGHMq04OzwaldFindBronzeKey,PACK
Glenmoril.esm:01498D,zzzGHMq04ScArkved,Glenmoril.esm:0147BD,zzzGHMq04,2,0,DweGear,0,0,,Glenmoril.esm:01498F,zzzGHMq04DweGearFindBronzeKey,PACK
Glenmoril.esm:01498D,zzzGHMq04ScArkved,Glenmoril.esm:0147BD,zzzGHMq04,3,2,Ozwald,1,11,,Glenmoril.esm:01498E,zzzGHMq04OzwaldFindBronzeKey,PACK
Glenmoril.esm:01498D,zzzGHMq04ScArkved,Glenmoril.esm:0147BD,zzzGHMq04,4,0,DweGear,1,11,,Glenmoril.esm:01498F,zzzGHMq04DweGearFindBronzeKey,PACK
Glenmoril.esm:01498D,zzzGHMq04ScArkved,Glenmoril.esm:0147BD,zzzGHMq04,15,3,Jazel,5,5,,Glenmoril.esm:0149A4,zzzGHMq04JazelApperEngineRoom,PACK
Glenmoril.esm:01498D,zzzGHMq04ScArkved,Glenmoril.esm:0147BD,zzzGHMq04,16,3,Jazel,6,11,,Glenmoril.esm:0149A5,zzzGHMq04JazelWalkToBronzeKey,PACK
Glenmoril.esm:00EDD8,zzzGHMq02ScCom,Glenmoril.esm:00E3EC,zzzGHMq02,2,2,Ozwald,0,0,,Glenmoril.esm:00EDD9,zzzGHMq02OzwaldStayNearCommunicator,PACK
Glenmoril.esm:00EDD8,zzzGHMq02ScCom,Glenmoril.esm:00E3EC,zzzGHMq02,3,2,Ozwald,1,3,,Glenmoril.esm:00EDD9,zzzGHMq02OzwaldStayNearCommunicator,PACK
Glenmoril.esm:00FF04,zzzGHMq02Sub01Sc05,Glenmoril.esm:00FD2C,zzzGHMq02Sub01,1,0,Lalanoah,0,0,,Glenmoril.esm:00FF05,zzzGHMq02SubLalanoahGoToKalka,PACK
Glenmoril.esm:00FF04,zzzGHMq02Sub01Sc05,Glenmoril.esm:00FD2C,zzzGHMq02Sub01,2,0,Lalanoah,1,7,,Glenmoril.esm:00FF05,zzzGHMq02SubLalanoahGoToKalka,PACK
Glenmoril.esm:123315,zzzLaMMq04ScJazel2,Glenmoril.esm:11E085,zzzLaMMq04,2,8,ChickTrader,0,3,,Glenmoril.esm:11E108,zzzLaMMq04JazelWaitPlayerInChurch,PACK
Glenmoril.esm:00C9DC,zzzGHMq05ScJacobee,Glenmoril.esm:00C9D7,zzzGHMq05Sub02,2,1,Ulliss,1,1,,Glenmoril.esm:00C9DF,zzzGHMq05UllissRuntoJacobee,PACK
Glenmoril.esm:00C9DC,zzzGHMq05ScJacobee,Glenmoril.esm:00C9D7,zzzGHMq05Sub02,3,1,Ulliss,2,4,,Glenmoril.esm:00C9DF,zzzGHMq05UllissRuntoJacobee,PACK
Glenmoril.esm:007EB5,zzzLrhMq04Sc02,Glenmoril.esm:007E5E,zzzLrhMq04,1,0,Brandt,0,0,,Glenmoril.esm:007EB6,zzzLrhMq04BrandtTraceBlood,PACK
Glenmoril.esm:014D27,zzzGHMq04Sub01ScBack02,Glenmoril.esm:014C39,zzzGHMq04Sub01,1,0,Lalanoah,0,0,,Glenmoril.esm:014D2A,zzzGHMq04S01LalanoahWaitBrandt,PACK
Glenmoril.esm:014D27,zzzGHMq04Sub01ScBack02,Glenmoril.esm:014C39,zzzGHMq04Sub01,3,0,Lalanoah,1,7,,Glenmoril.esm:014D2A,zzzGHMq04S01LalanoahWaitBrandt,PACK
Glenmoril.esm:014D27,zzzGHMq04Sub01ScBack02,Glenmoril.esm:014C39,zzzGHMq04Sub01,4,1,Brandt,0,0,,Skyrim.esm:0CA348,,
Glenmoril.esm:014D27,zzzGHMq04Sub01ScBack02,Glenmoril.esm:014C39,zzzGHMq04Sub01,5,1,Brandt,1,1,,Glenmoril.esm:014D2D,zzzGHMq04S01BrandtCloseToLalanoah,PACK
Glenmoril.esm:014D27,zzzGHMq04Sub01ScBack02,Glenmoril.esm:014C39,zzzGHMq04Sub01,6,1,Brandt,2,7,,Glenmoril.esm:014D2D,zzzGHMq04S01BrandtCloseToLalanoah,PACK
Glenmoril.esm:60D9EB,zzzRevMq01ScTransform,Glenmoril.esm:60026B,zzzRevMq01,8,1,Yelem,7,7,,Glenmoril.esm:62F3B5,zzzRevMq01YelemCloseToPlayer,PACK
Glenmoril.esm:60D9EB,zzzRevMq01ScTransform,Glenmoril.esm:60026B,zzzRevMq01,9,1,Yelem,5,6,,Glenmoril.esm:60026C,zzzRevMq01YelemTravelToBoltzmer,PACK
Glenmoril.esm:00774F,zzzLrhMq01Sc01,Glenmoril.esm:007733,zzzLrhMq01,12,1,Brandt,10,11,,Glenmoril.esm:007766,zzzLrhMq01Sc01BrandtGoAway,PACK
Glenmoril.esm:00774F,zzzLrhMq01Sc01,Glenmoril.esm:007733,zzzLrhMq01,13,1,Brandt,1,9,,Glenmoril.esm:007793,zzzLrhMq01Sc01BrandtStayFrontLalanoah,PACK
Glenmoril.esm:00774F,zzzLrhMq01Sc01,Glenmoril.esm:007733,zzzLrhMq01,14,1,Brandt,0,0,,Glenmoril.esm:007793,zzzLrhMq01Sc01BrandtStayFrontLalanoah,PACK
Glenmoril.esm:02C300,zzzGHmq06Sub01ScResolve,Glenmoril.esm:02C265,zzzGHmq06Sub01,1,2,Brandt,0,0,,Glenmoril.esm:02C301,zzzGHMq06S01BrandtFindLalanoah,PACK
Glenmoril.esm:02C300,zzzGHmq06Sub01ScResolve,Glenmoril.esm:02C265,zzzGHmq06Sub01,2,2,Brandt,1,5,,Glenmoril.esm:02C301,zzzGHMq06S01BrandtFindLalanoah,PACK
Glenmoril.esm:02C300,zzzGHmq06Sub01ScResolve,Glenmoril.esm:02C265,zzzGHmq06Sub01,13,1,Lalanoah,0,0,,Glenmoril.esm:069BC4,zzzGHMq06S01LalanoahThinkingTime,PACK
Glenmoril.esm:02C300,zzzGHmq06Sub01ScResolve,Glenmoril.esm:02C265,zzzGHmq06Sub01,14,1,Lalanoah,1,5,,Glenmoril.esm:069BC4,zzzGHMq06S01LalanoahThinkingTime,PACK
Glenmoril.esm:137C03,zzzLaMMq05ScJazel02,Glenmoril.esm:1329BD,zzzLaMMq05,5,6,ChickTrader,0,0,,Glenmoril.esm:137C0A,zzzLaMMq05CTWaitPlayerHinnomEntrance,PACK
Glenmoril.esm:137C03,zzzLaMMq05ScJazel02,Glenmoril.esm:1329BD,zzzLaMMq05,6,6,ChickTrader,1,2,,Glenmoril.esm:137C0A,zzzLaMMq05CTWaitPlayerHinnomEntrance,PACK
Glenmoril.esm:137C03,zzzLaMMq05ScJazel02,Glenmoril.esm:1329BD,zzzLaMMq05,7,6,ChickTrader,3,3,,Glenmoril.esm:137C0B,zzzLaMMq05CTBackToHinnom,PACK
Glenmoril.esm:014D01,zzzGHMq04Sub01ScGem,Glenmoril.esm:014C39,zzzGHMq04Sub01,1,1,Brandt,0,0,,Glenmoril.esm:014D02,zzzGHMq04S01BrandtRemeberGem,PACK
Glenmoril.esm:014D01,zzzGHMq04Sub01ScGem,Glenmoril.esm:014C39,zzzGHMq04Sub01,2,0,Lalanoah,0,5,,Skyrim.esm:0CA348,,
Glenmoril.esm:014D01,zzzGHMq04Sub01ScGem,Glenmoril.esm:014C39,zzzGHMq04Sub01,3,1,Brandt,1,5,,Glenmoril.esm:014D02,zzzGHMq04S01BrandtRemeberGem,PACK
Glenmoril.esm:009CCB,zzzGHMq01Sc06,Glenmoril.esm:009B59,zzzGHMq01,2,5,Ozwald,0,1,,Glenmoril.esm:009CCE,zzzGHMq01OzwaldShootPlayer,PACK
Glenmoril.esm:009CCB,zzzGHMq01Sc06,Glenmoril.esm:009B59,zzzGHMq01,4,5,Ozwald,2,3,,Glenmoril.esm:009CD4,zzzGHMq01OzwaldCloseToPlayer,PACK
Glenmoril.esm:009CCB,zzzGHMq01Sc06,Glenmoril.esm:009B59,zzzGHMq01,5,5,Ozwald,4,4,,Glenmoril.esm:009CD4,zzzGHMq01OzwaldCloseToPlayer,PACK
Glenmoril.esm:008325,zzzLrhMq06Sc03,Glenmoril.esm:0082EE,zzzLrhMq06,2,0,Brandt,0,0,,Glenmoril.esm:008326,zzzLrhMq06BrandtStayDeadBodies,PACK
Glenmoril.esm:008325,zzzLrhMq06Sc03,Glenmoril.esm:0082EE,zzzLrhMq06,3,0,Brandt,1,1,,Glenmoril.esm:008326,zzzLrhMq06BrandtStayDeadBodies,PACK
Glenmoril.esm:00830D,zzzLrhMq06Sc01,Glenmoril.esm:0082EE,zzzLrhMq06,1,0,Brandt,0,0,,Glenmoril.esm:00830E,zzzLRHMq06BrandtEscortPlayerToGhoulHole,PACK
Glenmoril.esm:007F93,zzzLrhMq05Sc02,Glenmoril.esm:007F1F,zzzLrhMq05,7,0,Lalanoah,0,5,,Skyrim.esm:0CA348,,
Glenmoril.esm:007F93,zzzLrhMq05Sc02,Glenmoril.esm:007F1F,zzzLrhMq05,8,1,Goroll,0,4,,Skyrim.esm:0CA348,,
Glenmoril.esm:007F41,zzzLrhMq05Sc01,Glenmoril.esm:007F1F,zzzLrhMq05,2,1,Goroll,0,12,,Skyrim.esm:0CA348,,
Glenmoril.esm:007F41,zzzLrhMq05Sc01,Glenmoril.esm:007F1F,zzzLrhMq05,3,0,Lalanoah,0,12,,Skyrim.esm:0CA348,,
Glenmoril.esm:007F41,zzzLrhMq05Sc01,Glenmoril.esm:007F1F,zzzLrhMq05,18,0,Lalanoah,13,13,,Glenmoril.esm:007F5E,zzzLrhMq05LalanoahGoToKitchen,PACK
Glenmoril.esm:007F41,zzzLrhMq05Sc01,Glenmoril.esm:007F1F,zzzLrhMq05,19,1,Goroll,13,13,,Glenmoril.esm:007F5F,zzzLrhMq05GorollGoToKitchen,PACK
Glenmoril.esm:007F41,zzzLrhMq05Sc01,Glenmoril.esm:007F1F,zzzLrhMq05,20,2,Skoll,13,13,,Glenmoril.esm:007F5E,zzzLrhMq05LalanoahGoToKitchen,PACK
Glenmoril.esm:007F41,zzzLrhMq05Sc01,Glenmoril.esm:007F1F,zzzLrhMq05,21,3,Kanra,13,13,,Glenmoril.esm:007F5F,zzzLrhMq05GorollGoToKitchen,PACK
Glenmoril.esm:009B91,zzzGHMq01SideASc02,Glenmoril.esm:009B83,zzzGHMq01SideA,3,0,Chaplain,0,2,,Skyrim.esm:0CA348,,
Glenmoril.esm:00862C,zzzLrhMq09sc03,Glenmoril.esm:0085BD,zzzLrhMq09,1,1,Lalanoah,0,0,,Glenmoril.esm:00862D,zzzLrhMq09LalanoahFindKalka,PACK
Glenmoril.esm:00862C,zzzLrhMq09sc03,Glenmoril.esm:0085BD,zzzLrhMq09,2,3,Skoll,0,0,,Glenmoril.esm:00862E,zzzLrhMq09SkollFindKalka,PACK
Glenmoril.esm:00862C,zzzLrhMq09sc03,Glenmoril.esm:0085BD,zzzLrhMq09,3,1,Lalanoah,1,12,,Glenmoril.esm:00862D,zzzLrhMq09LalanoahFindKalka,PACK
Glenmoril.esm:00862C,zzzLrhMq09sc03,Glenmoril.esm:0085BD,zzzLrhMq09,4,3,Skoll,1,12,,Glenmoril.esm:00862E,zzzLrhMq09SkollFindKalka,PACK
Glenmoril.esm:009C97,zzzGHMq01Sc04,Glenmoril.esm:009B59,zzzGHMq01,1,10,Felix,1,1,,Glenmoril.esm:009C98,zzzGHMq01FelixCloseToPlayer,PACK
Glenmoril.esm:009C97,zzzGHMq01Sc04,Glenmoril.esm:009B59,zzzGHMq01,2,10,Felix,2,5,,Glenmoril.esm:009C98,zzzGHMq01FelixCloseToPlayer,PACK
Glenmoril.esm:00E447,zzzGHMq02Sc03Plan,Glenmoril.esm:00E3EC,zzzGHMq02,1,2,Ozwald,0,1,,Glenmoril.esm:00FA93,zzzGHMq02OzwaldMoveToRomion,PACK
Glenmoril.esm:00E447,zzzGHMq02Sc03Plan,Glenmoril.esm:00E3EC,zzzGHMq02,2,1,Romion,0,1,,Glenmoril.esm:00E449,zzzGHMq02RomionTalkToOzwald,PACK
Glenmoril.esm:00E447,zzzGHMq02Sc03Plan,Glenmoril.esm:00E3EC,zzzGHMq02,4,2,Ozwald,2,11,,Glenmoril.esm:00E448,zzzGHMq02OzwaldTalkToRomion,PACK
Glenmoril.esm:00E447,zzzGHMq02Sc03Plan,Glenmoril.esm:00E3EC,zzzGHMq02,5,1,Romion,2,11,,Glenmoril.esm:00E449,zzzGHMq02RomionTalkToOzwald,PACK
Glenmoril.esm:00E417,zzzGHMq02Sc02Order,Glenmoril.esm:00E3EC,zzzGHMq02,1,2,Ozwald,0,0,,Glenmoril.esm:00E418,zzzGHMq02OzwaldTravelToOrderPoint,PACK
Glenmoril.esm:00E417,zzzGHMq02Sc02Order,Glenmoril.esm:00E3EC,zzzGHMq02,2,3,ChickTrader,0,0,,Glenmoril.esm:00E419,zzzGHMq02ChickTraderTravelToOrder,PACK
Glenmoril.esm:00E417,zzzGHMq02Sc02Order,Glenmoril.esm:00E3EC,zzzGHMq02,3,2,Ozwald,1,10,,Glenmoril.esm:00E418,zzzGHMq02OzwaldTravelToOrderPoint,PACK
Glenmoril.esm:00E417,zzzGHMq02Sc02Order,Glenmoril.esm:00E3EC,zzzGHMq02,4,3,ChickTrader,1,10,,Glenmoril.esm:00E419,zzzGHMq02ChickTraderTravelToOrder,PACK
Glenmoril.esm:009CF5,zzzGHMq01Sc07,Glenmoril.esm:009B59,zzzGHMq01,1,5,Ozwald,0,0,,Glenmoril.esm:009CF6,zzzGHMq01OzwaldLeanWall,PACK
Glenmoril.esm:009CF5,zzzGHMq01Sc07,Glenmoril.esm:009B59,zzzGHMq01,2,6,Romion,0,0,,Glenmoril.esm:009CF7,zzzGHMq01RomionStayNearPlayer,PACK
Glenmoril.esm:009CF5,zzzGHMq01Sc07,Glenmoril.esm:009B59,zzzGHMq01,3,5,Ozwald,1,9,,Glenmoril.esm:009CF6,zzzGHMq01OzwaldLeanWall,PACK
Glenmoril.esm:009CF5,zzzGHMq01Sc07,Glenmoril.esm:009B59,zzzGHMq01,4,6,Romion,1,12,,Skyrim.esm:0CA348,,
Glenmoril.esm:009CF5,zzzGHMq01Sc07,Glenmoril.esm:009B59,zzzGHMq01,19,6,Romion,13,13,,Glenmoril.esm:009CF7,zzzGHMq01RomionStayNearPlayer,PACK
Glenmoril.esm:009CF5,zzzGHMq01Sc07,Glenmoril.esm:009B59,zzzGHMq01,20,5,Ozwald,10,13,,Glenmoril.esm:009D16,zzzGHMq01OzwaldStopLeanWall,PACK
Glenmoril.esm:0146C3,zzzGHSkit04Sc01,Glenmoril.esm:0146C0,zzzGHSkit04,1,0,D8284,0,0,,Glenmoril.esm:0146C4,zzzGHSkit04D8284MeetHoney,PACK
Glenmoril.esm:0146C3,zzzGHSkit04Sc01,Glenmoril.esm:0146C0,zzzGHSkit04,2,1,Honey,0,0,,Glenmoril.esm:0146C5,zzzGHSkit04HoneyMeetYatsu,PACK
Glenmoril.esm:0146C3,zzzGHSkit04Sc01,Glenmoril.esm:0146C0,zzzGHSkit04,3,0,D8284,1,7,,Glenmoril.esm:0146C4,zzzGHSkit04D8284MeetHoney,PACK
Glenmoril.esm:0146C3,zzzGHSkit04Sc01,Glenmoril.esm:0146C0,zzzGHSkit04,4,1,Honey,1,7,,Glenmoril.esm:0146C5,zzzGHSkit04HoneyMeetYatsu,PACK
Glenmoril.esm:0146C3,zzzGHSkit04Sc01,Glenmoril.esm:0146C0,zzzGHSkit04,12,0,D8284,8,8,,Glenmoril.esm:0146D4,zzzGHSkit04DweBackToDark01,PACK
Glenmoril.esm:0146C3,zzzGHSkit04Sc01,Glenmoril.esm:0146C0,zzzGHSkit04,13,1,Honey,8,8,,Glenmoril.esm:0146D4,zzzGHSkit04DweBackToDark01,PACK
Glenmoril.esm:012A33,zzzGHMq03S01ScEnd,Glenmoril.esm:012962,zzzGHMq03Sub01,1,0,Brandt,0,0,,Glenmoril.esm:012A34,zzzGHMq03S01BrandLeanWall,PACK
Glenmoril.esm:012A33,zzzGHMq03S01ScEnd,Glenmoril.esm:012962,zzzGHMq03Sub01,2,1,Lalanoah,0,0,,Glenmoril.esm:012A35,zzzGHMq03S01LalanoahListenBrandt,PACK
Glenmoril.esm:012A33,zzzGHMq03S01ScEnd,Glenmoril.esm:012962,zzzGHMq03Sub01,3,0,Brandt,1,11,,Glenmoril.esm:012A34,zzzGHMq03S01BrandLeanWall,PACK
Glenmoril.esm:012A33,zzzGHMq03S01ScEnd,Glenmoril.esm:012962,zzzGHMq03Sub01,4,1,Lalanoah,1,11,,Glenmoril.esm:012A35,zzzGHMq03S01LalanoahListenBrandt,PACK
Glenmoril.esm:012A0C,zzzGHMq03S01ScDefeat,Glenmoril.esm:012962,zzzGHMq03Sub01,1,5,Kuma,0,0,,Skyrim.esm:0CA348,,
Glenmoril.esm:012A0C,zzzGHMq03S01ScDefeat,Glenmoril.esm:012962,zzzGHMq03Sub01,2,5,Kuma,1,4,,Skyrim.esm:0CA348,,
Glenmoril.esm:012A0C,zzzGHMq03S01ScDefeat,Glenmoril.esm:012962,zzzGHMq03Sub01,3,0,Brandt,0,0,,Glenmoril.esm:012A0D,zzzGHMq03S01BrandtCloseToKuma,PACK
Glenmoril.esm:012A0C,zzzGHMq03S01ScDefeat,Glenmoril.esm:012962,zzzGHMq03Sub01,4,0,Brandt,1,3,,Skyrim.esm:0CA348,,
Glenmoril.esm:012A0C,zzzGHMq03S01ScDefeat,Glenmoril.esm:012962,zzzGHMq03Sub01,9,0,Brandt,4,4,,Glenmoril.esm:012A16,zzzGHMq03S01BrandtRunAway,PACK
Glenmoril.esm:007E71,zzzLrhMq04Sc01,Glenmoril.esm:007E5E,zzzLrhMq04,1,0,Brandt,0,0,,Glenmoril.esm:007E72,zzzLrhMq04BrandtMovetoAccidentSite,PACK
Glenmoril.esm:007E71,zzzLrhMq04Sc01,Glenmoril.esm:007E5E,zzzLrhMq04,2,0,Brandt,1,1,,Glenmoril.esm:007E73,zzzLrhBrandtStayAccidentSite,PACK
Glenmoril.esm:007E71,zzzLrhMq04Sc01,Glenmoril.esm:007E5E,zzzLrhMq04,5,0,Brandt,2,3,,Glenmoril.esm:007E73,zzzLrhBrandtStayAccidentSite,PACK
Glenmoril.esm:0E9E6E,zzzLaMMq02ScEH01,Glenmoril.esm:0E9E2A,zzzLaMMq02,7,0,OzwaldESS,0,1,,Skyrim.esm:0CA348,,
Glenmoril.esm:0E9E6E,zzzLaMMq02ScEH01,Glenmoril.esm:0E9E2A,zzzLaMMq02,9,0,OzwaldESS,2,5,,Glenmoril.esm:0E9E7A,zzzLamMq02OzwaladFrontEH01,PACK
Glenmoril.esm:0E9E6E,zzzLaMMq02ScEH01,Glenmoril.esm:0E9E2A,zzzLaMMq02,10,0,OzwaldESS,6,6,,Glenmoril.esm:0E9E7B,zzzLaMMq02OzwaldDrownWeaponEH01,PACK
Glenmoril.esm:0E9E46,zzzLaMMq02ScInspect05,Glenmoril.esm:0E9E2A,zzzLaMMq02,2,0,OzwaldESS,0,0,,Glenmoril.esm:0E9E4A,zzzLamMq02OzwaldGoToDrop,PACK
Glenmoril.esm:0E9E46,zzzLaMMq02ScInspect05,Glenmoril.esm:0E9E2A,zzzLaMMq02,3,0,OzwaldESS,1,1,,Glenmoril.esm:0E9E4A,zzzLamMq02OzwaldGoToDrop,PACK
Glenmoril.esm:36C623,zzzRevBQ05Sc01,Glenmoril.esm:36C620,zzzRevBossQuest05,1,0,BeastESS,1,1,,Glenmoril.esm:36C624,zzzRevBq05BeastRunAway01,PACK
Glenmoril.esm:36C623,zzzRevBQ05Sc01,Glenmoril.esm:36C620,zzzRevBossQuest05,3,0,BeastESS,0,0,,Glenmoril.esm:377F52,zzzRevBq05BossShoutToPlayer,PACK
Glenmoril.esm:014CCF,zzzGHMq04Sub01ScRod,Glenmoril.esm:014C39,zzzGHMq04Sub01,1,0,Lalanoah,0,0,,Glenmoril.esm:014CD0,zzzGHMq04S01LalanoahFindRod,PACK
Glenmoril.esm:014CCF,zzzGHMq04Sub01ScRod,Glenmoril.esm:014C39,zzzGHMq04Sub01,2,1,Brandt,1,3,,Glenmoril.esm:014CD1,zzzGHMq04S01BrandtFindRod,PACK
Glenmoril.esm:014CCF,zzzGHMq04Sub01ScRod,Glenmoril.esm:014C39,zzzGHMq04Sub01,3,0,Lalanoah,1,11,,Glenmoril.esm:014CD0,zzzGHMq04S01LalanoahFindRod,PACK
Glenmoril.esm:014CCF,zzzGHMq04Sub01ScRod,Glenmoril.esm:014C39,zzzGHMq04Sub01,8,1,Brandt,4,11,,Glenmoril.esm:014CDA,zzzGHMq04S01BrandtAskOrland,PACK
Glenmoril.esm:008478,zzzLrhMq08sc03,Glenmoril.esm:008431,zzzLrhMq08,1,0,Brandt,0,0,,Glenmoril.esm:008479,zzzLrhMq08BrandtGuidePlayerToAccidentSite,PACK
Glenmoril.esm:008478,zzzLrhMq08sc03,Glenmoril.esm:008431,zzzLrhMq08,2,0,Brandt,2,2,,Glenmoril.esm:00847A,zzzLrhMq08BrandtArriveAccidentSite,PACK
Glenmoril.esm:008478,zzzLrhMq08sc03,Glenmoril.esm:008431,zzzLrhMq08,4,0,Brandt,1,1,,Glenmoril.esm:00847A,zzzLrhMq08BrandtArriveAccidentSite,PACK
Glenmoril.esm:0171C6,zzzGHMq05Sc01,Glenmoril.esm:01719C,zzzGHMq05,2,3,Jazel,0,17,,Glenmoril.esm:0171C8,zzzGHMq05JazelStayFrontGate,PACK
Glenmoril.esm:0147D3,zzzGHMq04ScCedric01,Glenmoril.esm:0147BD,zzzGHMq04,1,2,Ozwald,0,0,,Glenmoril.esm:0147D4,zzzGHMq04OzwaldWatchBeastDead,PACK
Glenmoril.esm:0147D3,zzzGHMq04ScCedric01,Glenmoril.esm:0147BD,zzzGHMq04,2,5,Cedric,0,0,,Glenmoril.esm:0147D5,zzzGHMq04CedricStayNearBeastDead,PACK
Glenmoril.esm:0147D3,zzzGHMq04ScCedric01,Glenmoril.esm:0147BD,zzzGHMq04,3,2,Ozwald,1,9,,Glenmoril.esm:0147D4,zzzGHMq04OzwaldWatchBeastDead,PACK
Glenmoril.esm:0147D3,zzzGHMq04ScCedric01,Glenmoril.esm:0147BD,zzzGHMq04,4,5,Cedric,1,9,,Glenmoril.esm:0147D5,zzzGHMq04CedricStayNearBeastDead,PACK
Glenmoril.esm:012393,zzzGHMq03ScPlan,Glenmoril.esm:01230D,zzzGHMq03,1,2,Ozwald,0,1,,Glenmoril.esm:012394,zzzGHMq03OzwaldTalkPlanWithRomion,PACK
Glenmoril.esm:012393,zzzGHMq03ScPlan,Glenmoril.esm:01230D,zzzGHMq03,2,1,Romion,0,1,,Glenmoril.esm:012395,zzzGHMq03RomionTalkPlanWithOzwald,PACK
Glenmoril.esm:012393,zzzGHMq03ScPlan,Glenmoril.esm:01230D,zzzGHMq03,3,2,Ozwald,2,13,,Glenmoril.esm:012394,zzzGHMq03OzwaldTalkPlanWithRomion,PACK
Glenmoril.esm:012393,zzzGHMq03ScPlan,Glenmoril.esm:01230D,zzzGHMq03,4,1,Romion,2,13,,Glenmoril.esm:012395,zzzGHMq03RomionTalkPlanWithOzwald,PACK
Glenmoril.esm:0B1759,zzzLaMMq01ScBriefing,Glenmoril.esm:0B1758,zzzLaMMq01,1,0,Ozwald,0,9,,Glenmoril.esm:0B175A,zzzLamMq01OzwaldBriefing,PACK
Glenmoril.esm:0B1759,zzzLaMMq01ScBriefing,Glenmoril.esm:0B1758,zzzLaMMq01,2,1,Romion,0,9,,Glenmoril.esm:0B175B,zzzLamMq01RomionBriefing,PACK
Glenmoril.esm:00868B,zzzLrhMq10sc01,Glenmoril.esm:008685,zzzLrhMq10,1,0,Jazel,0,0,,Glenmoril.esm:00868C,zzzLrhMq10JazelTalkToBrandt,PACK
Glenmoril.esm:00868B,zzzLrhMq10sc01,Glenmoril.esm:008685,zzzLrhMq10,2,1,Brandt,0,0,,Glenmoril.esm:00868D,zzzLrhMq10BrandtTalkToJazel,PACK
Glenmoril.esm:00868B,zzzLrhMq10sc01,Glenmoril.esm:008685,zzzLrhMq10,3,0,Jazel,1,4,,Glenmoril.esm:00868C,zzzLrhMq10JazelTalkToBrandt,PACK
Glenmoril.esm:00868B,zzzLrhMq10sc01,Glenmoril.esm:008685,zzzLrhMq10,4,1,Brandt,1,5,,Glenmoril.esm:00868D,zzzLrhMq10BrandtTalkToJazel,PACK
Glenmoril.esm:00868B,zzzLrhMq10sc01,Glenmoril.esm:008685,zzzLrhMq10,10,0,Jazel,5,5,,Glenmoril.esm:008698,zzzLrhMq10JazelGoToLalanoah,PACK
Glenmoril.esm:0F42D1,zzzLaMMq02ScOzLast,Glenmoril.esm:0E9E2A,zzzLaMMq02,1,1,OzwaldKillable,0,0,,Glenmoril.esm:0F42D2,zzzLaMMq02OzwaldWaitDeath,PACK
Glenmoril.esm:0F42D1,zzzLaMMq02ScOzLast,Glenmoril.esm:0E9E2A,zzzLaMMq02,2,3,DweGear,0,4,,Glenmoril.esm:0F42D3,zzzLaMMq02DweGearNoticeOzwald,PACK
Glenmoril.esm:0F42D1,zzzLaMMq02ScOzLast,Glenmoril.esm:0E9E2A,zzzLaMMq02,3,1,OzwaldKillable,1,3,,Glenmoril.esm:0F42D2,zzzLaMMq02OzwaldWaitDeath,PACK
Glenmoril.esm:0F42D1,zzzLaMMq02ScOzLast,Glenmoril.esm:0E9E2A,zzzLaMMq02,8,1,OzwaldKillable,4,4,,Glenmoril.esm:0F9535,zzzLaMMq02OzwaldWalkToDeath,PACK
Glenmoril.esm:0F4309,zzzLaMMq02ScMutant,Glenmoril.esm:0E9E2A,zzzLaMMq02,1,17,Mutant,1,1,,Glenmoril.esm:0F430A,zzzLaMMq02MutantLand01,PACK
Glenmoril.esm:0F4309,zzzLaMMq02ScMutant,Glenmoril.esm:0E9E2A,zzzLaMMq02,2,17,Mutant,2,2,,Glenmoril.esm:0F430A,zzzLaMMq02MutantLand01,PACK
Glenmoril.esm:0F4309,zzzLaMMq02ScMutant,Glenmoril.esm:0E9E2A,zzzLaMMq02,6,17,Mutant,3,3,,Glenmoril.esm:0F430B,zzzLaMMq02MutantLand02,PACK
Glenmoril.esm:0F4309,zzzLaMMq02ScMutant,Glenmoril.esm:0E9E2A,zzzLaMMq02,7,17,Mutant,0,0,,Skyrim.esm:0CA348,,
Glenmoril.esm:58DF11,zzzRevCqLeaperSc04,Glenmoril.esm:5872E4,zzzRevCqLeaper,1,0,Leaper,1,1,,Glenmoril.esm:58DF13,zzzRevCqLeaperMonkFindAludin,PACK
Glenmoril.esm:58DF11,zzzRevCqLeaperSc04,Glenmoril.esm:5872E4,zzzRevCqLeaper,5,0,Leaper,2,3,,Glenmoril.esm:58DF13,zzzRevCqLeaperMonkFindAludin,PACK
Glenmoril.esm:0077BC,zzzLrhMq01Sc03,Glenmoril.esm:007733,zzzLrhMq01,1,0,Lalanoah,0,1,,Glenmoril.esm:0077E9,zzzLrhMq01Sc03LalanoahStayFrontTroll,PACK
Glenmoril.esm:0077BC,zzzLrhMq01Sc03,Glenmoril.esm:007733,zzzLrhMq01,2,0,Lalanoah,2,8,,Glenmoril.esm:0077E9,zzzLrhMq01Sc03LalanoahStayFrontTroll,PACK
Glenmoril.esm:0086E1,zzzLrhMq10sc04,Glenmoril.esm:008685,zzzLrhMq10,1,4,Skoll,0,0,,Glenmoril.esm:0086E2,zzzLrhMq10SkollDeliveryMessage,PACK
Glenmoril.esm:0086E1,zzzLrhMq10sc04,Glenmoril.esm:008685,zzzLrhMq10,3,4,Skoll,1,3,,Glenmoril.esm:0086E2,zzzLrhMq10SkollDeliveryMessage,PACK
Glenmoril.esm:0086E1,zzzLrhMq10sc04,Glenmoril.esm:008685,zzzLrhMq10,6,1,Brandt,0,3,,Glenmoril.esm:0086E9,zzzLrhMq10BrandtGetLetterSkoll,PACK
Glenmoril.esm:009C29,zzzGHMq01Sc01,Glenmoril.esm:009B59,zzzGHMq01,1,0,Lalanoah,0,0,,Glenmoril.esm:009C2A,zzzGHMq01LalanoahWakeUpToBrandt,PACK
Glenmoril.esm:009C29,zzzGHMq01Sc01,Glenmoril.esm:009B59,zzzGHMq01,2,0,Lalanoah,1,11,,Glenmoril.esm:009C2A,zzzGHMq01LalanoahWakeUpToBrandt,PACK
Glenmoril.esm:009C29,zzzGHMq01Sc01,Glenmoril.esm:009B59,zzzGHMq01,15,3,Goroll,5,6,,Glenmoril.esm:009C43,zzzGHMq01GorollCalledByBrandt,PACK
Glenmoril.esm:009C29,zzzGHMq01Sc01,Glenmoril.esm:009B59,zzzGHMq01,16,3,Goroll,7,12,,Glenmoril.esm:009C43,zzzGHMq01GorollCalledByBrandt,PACK
Glenmoril.esm:009C29,zzzGHMq01Sc01,Glenmoril.esm:009B59,zzzGHMq01,18,0,Lalanoah,12,13,,Glenmoril.esm:009C46,zzzGHMq01LalanoahBackToBed,PACK
Glenmoril.esm:014CBD,zzzGHMq04Sub01ScSweet,Glenmoril.esm:014C39,zzzGHMq04Sub01,1,0,Lalanoah,0,0,,Glenmoril.esm:014CBE,zzzGHMq04Sc01LalanoahFindSweet,PACK
Glenmoril.esm:014CBD,zzzGHMq04Sub01ScSweet,Glenmoril.esm:014C39,zzzGHMq04Sub01,3,0,Lalanoah,1,8,,Glenmoril.esm:014CBE,zzzGHMq04Sc01LalanoahFindSweet,PACK
Glenmoril.esm:014C3E,zzzGHMq04Sub01Sc01,Glenmoril.esm:014C39,zzzGHMq04Sub01,1,0,Lalanoah,0,0,,Glenmoril.esm:014C3F,zzzGHMq04S01LalanoahTalktoBrandtAtLivingRoom,PACK
Glenmoril.esm:014C3E,zzzGHMq04Sub01Sc01,Glenmoril.esm:014C39,zzzGHMq04Sub01,2,1,Brandt,0,0,,Glenmoril.esm:014C40,zzzGHMq04S01BrandtTalkToLalanoahAtLivingRoom,PACK
Glenmoril.esm:014C3E,zzzGHMq04Sub01Sc01,Glenmoril.esm:014C39,zzzGHMq04Sub01,3,0,Lalanoah,1,7,,Glenmoril.esm:014C3F,zzzGHMq04S01LalanoahTalktoBrandtAtLivingRoom,PACK
Glenmoril.esm:014C3E,zzzGHMq04Sub01Sc01,Glenmoril.esm:014C39,zzzGHMq04Sub01,4,1,Brandt,1,7,,Glenmoril.esm:014C40,zzzGHMq04S01BrandtTalkToLalanoahAtLivingRoom,PACK
Glenmoril.esm:014C3E,zzzGHMq04Sub01Sc01,Glenmoril.esm:014C39,zzzGHMq04Sub01,12,2,Goroll,3,4,,Glenmoril.esm:014C4F,zzzGHMq04S01GorollGiveWalletToBrandt,PACK
Glenmoril.esm:014C3E,zzzGHMq04Sub01Sc01,Glenmoril.esm:014C39,zzzGHMq04Sub01,13,2,Goroll,5,5,,Glenmoril.esm:014C4F,zzzGHMq04S01GorollGiveWalletToBrandt,PACK
Glenmoril.esm:014C74,zzzGHMq04Sub01Sc02,Glenmoril.esm:014C39,zzzGHMq04Sub01,1,1,Brandt,0,0,,Glenmoril.esm:014C75,zzzGHMq04S01BrandtMeetOrland,PACK
Glenmoril.esm:014C74,zzzGHMq04Sub01Sc02,Glenmoril.esm:014C39,zzzGHMq04Sub01,2,1,Brandt,1,7,,Glenmoril.esm:014C75,zzzGHMq04S01BrandtMeetOrland,PACK
Glenmoril.esm:4863FD,zzzLaMMqAltSc01,Glenmoril.esm:4863FC,zzzLaMMqAlt,12,0,Jazel,12,12,,Glenmoril.esm:48640C,zzzLaMqAltJazelGoAway,PACK
Glenmoril.esm:5EC026,zzzRevSqChBazura,Glenmoril.esm:5D7AD9,zzzRevSqCheese,2,2,Boss,2,2,,Glenmoril.esm:5EC029,zzzRevSqChBazuraNotciePlayer,PACK
Glenmoril.esm:5EC026,zzzRevSqChBazura,Glenmoril.esm:5D7AD9,zzzRevSqCheese,4,2,Boss,3,3,,Glenmoril.esm:5EC029,zzzRevSqChBazuraNotciePlayer,PACK
Glenmoril.esm:00FEEA,zzzGHMq02Sub01Sc04,Glenmoril.esm:00FD2C,zzzGHMq02Sub01,2,1,Brandt,0,0,,Glenmoril.esm:00FD38,zzzGHMq02SubBrandtGoFrontRoom,PACK
Glenmoril.esm:00FEEA,zzzGHMq02Sub01Sc04,Glenmoril.esm:00FD2C,zzzGHMq02Sub01,3,1,Brandt,1,1,,Glenmoril.esm:00FEED,zzzGHMq02SubBrandtGoinRoom,PACK
Glenmoril.esm:00FEEA,zzzGHMq02Sub01Sc04,Glenmoril.esm:00FD2C,zzzGHMq02Sub01,4,1,Brandt,2,2,,Glenmoril.esm:00FEED,zzzGHMq02SubBrandtGoinRoom,PACK
Glenmoril.esm:00FDF2,zzzGHMq02Sub01Sc03,Glenmoril.esm:00FD2C,zzzGHMq02Sub01,1,7,Romion,0,0,,Glenmoril.esm:00FDF3,zzzGHMq02SubRomionLeanTable,PACK
Glenmoril.esm:00FDF2,zzzGHMq02Sub01Sc03,Glenmoril.esm:00FD2C,zzzGHMq02Sub01,2,7,Romion,1,3,,Glenmoril.esm:00FDF3,zzzGHMq02SubRomionLeanTable,PACK
Glenmoril.esm:00FDF2,zzzGHMq02Sub01Sc03,Glenmoril.esm:00FD2C,zzzGHMq02Sub01,6,7,Romion,4,4,,Glenmoril.esm:00FEB7,zzzGHMq02SubRomionRepairingMbox,PACK
Glenmoril.esm:00FDF2,zzzGHMq02Sub01Sc03,Glenmoril.esm:00FD2C,zzzGHMq02Sub01,7,7,Romion,5,10,,Glenmoril.esm:00FEB7,zzzGHMq02SubRomionRepairingMbox,PACK
Glenmoril.esm:00FDF2,zzzGHMq02Sub01Sc03,Glenmoril.esm:00FD2C,zzzGHMq02Sub01,8,9,Ozwald,4,4,,Glenmoril.esm:00FEBA,zzzGHMq02SubOzwaldClosetoRomion,PACK
Glenmoril.esm:00FDF2,zzzGHMq02Sub01Sc03,Glenmoril.esm:00FD2C,zzzGHMq02Sub01,9,9,Ozwald,5,6,,Glenmoril.esm:00FEBA,zzzGHMq02SubOzwaldClosetoRomion,PACK
Glenmoril.esm:00FDF2,zzzGHMq02Sub01Sc03,Glenmoril.esm:00FD2C,zzzGHMq02Sub01,12,9,Ozwald,7,9,,Glenmoril.esm:00FEBF,zzzGHMq02SubOzwaldMoveToDesk,PACK
Glenmoril.esm:00FDF2,zzzGHMq02Sub01Sc03,Glenmoril.esm:00FD2C,zzzGHMq02Sub01,17,7,Romion,11,11,,Glenmoril.esm:00FEC9,zzzGhMq02SubRomionFinishReparing,PACK
Glenmoril.esm:00836E,zzzLrhMq06sc06,Glenmoril.esm:0082EE,zzzLrhMq06,1,0,Brandt,0,0,,Glenmoril.esm:00836F,zzzLrhMq06GatherdNearBeast,PACK
Glenmoril.esm:00836E,zzzLrhMq06sc06,Glenmoril.esm:0082EE,zzzLrhMq06,2,7,Helper02,0,0,,Glenmoril.esm:00836F,zzzLrhMq06GatherdNearBeast,PACK
Glenmoril.esm:00836E,zzzLrhMq06sc06,Glenmoril.esm:0082EE,zzzLrhMq06,3,6,Helper01,0,0,,Glenmoril.esm:00836F,zzzLrhMq06GatherdNearBeast,PACK
Glenmoril.esm:00836E,zzzLrhMq06sc06,Glenmoril.esm:0082EE,zzzLrhMq06,4,6,Helper01,1,1,,Glenmoril.esm:008370,zzzLrhMq06Helper01SearchBeast,PACK
Glenmoril.esm:00836E,zzzLrhMq06sc06,Glenmoril.esm:0082EE,zzzLrhMq06,6,0,Brandt,1,5,,Glenmoril.esm:00836F,zzzLrhMq06GatherdNearBeast,PACK
Glenmoril.esm:00836E,zzzLrhMq06sc06,Glenmoril.esm:0082EE,zzzLrhMq06,8,7,Helper02,1,5,,Glenmoril.esm:00836F,zzzLrhMq06GatherdNearBeast,PACK
Glenmoril.esm:00836E,zzzLrhMq06sc06,Glenmoril.esm:0082EE,zzzLrhMq06,9,6,Helper01,2,2,,Skyrim.esm:0CA348,,
Glenmoril.esm:00836E,zzzLrhMq06sc06,Glenmoril.esm:0082EE,zzzLrhMq06,15,6,Helper01,3,5,,Glenmoril.esm:008370,zzzLrhMq06Helper01SearchBeast,PACK
Glenmoril.esm:012499,zzzGHMq03ScRecover,Glenmoril.esm:01230D,zzzGHMq03,1,3,Jazel,0,0,,Glenmoril.esm:01249A,zzzGHMq03JazelTravelToOrphan,PACK
Glenmoril.esm:012499,zzzGHMq03ScRecover,Glenmoril.esm:01230D,zzzGHMq03,2,2,Ozwald,0,0,,Glenmoril.esm:01249B,zzzGHMq03OzwaldTravelToOrphan,PACK
Glenmoril.esm:012499,zzzGHMq03ScRecover,Glenmoril.esm:01230D,zzzGHMq03,3,3,Jazel,1,4,,Glenmoril.esm:01249A,zzzGHMq03JazelTravelToOrphan,PACK
Glenmoril.esm:012499,zzzGHMq03ScRecover,Glenmoril.esm:01230D,zzzGHMq03,4,2,Ozwald,1,4,,Glenmoril.esm:01249B,zzzGHMq03OzwaldTravelToOrphan,PACK
Glenmoril.esm:5F9716,zzzRevSub05IntroScSeal,Glenmoril.esm:5F2B94,zzzRevSub05Intro,1,0,Hamah,0,0,,Glenmoril.esm:5F9717,zzzRevSub05IntroHamahMoveToSeal,PACK
Glenmoril.esm:5F9716,zzzRevSub05IntroScSeal,Glenmoril.esm:5F2B94,zzzRevSub05Intro,2,0,Hamah,1,3,,Glenmoril.esm:5F9717,zzzRevSub05IntroHamahMoveToSeal,PACK
Glenmoril.esm:00FD37,zzzGHMq02Sub01Sc01,Glenmoril.esm:00FD2C,zzzGHMq02Sub01,1,1,Brandt,0,0,,Glenmoril.esm:00FD38,zzzGHMq02SubBrandtGoFrontRoom,PACK
Glenmoril.esm:00FD37,zzzGHMq02Sub01Sc01,Glenmoril.esm:00FD2C,zzzGHMq02Sub01,2,0,Lalanoah,0,0,,Glenmoril.esm:00FD39,zzzGHMq02SubLalanoahGoToRoom,PACK
Glenmoril.esm:00FD37,zzzGHMq02Sub01Sc01,Glenmoril.esm:00FD2C,zzzGHMq02Sub01,3,2,Goroll,0,0,,Glenmoril.esm:00FD3A,zzzGHMq02SubGorollGoFrontRoom,PACK
Glenmoril.esm:00FD37,zzzGHMq02Sub01Sc01,Glenmoril.esm:00FD2C,zzzGHMq02Sub01,4,1,Brandt,1,9,,Glenmoril.esm:00FD38,zzzGHMq02SubBrandtGoFrontRoom,PACK
Glenmoril.esm:00FD37,zzzGHMq02Sub01Sc01,Glenmoril.esm:00FD2C,zzzGHMq02Sub01,5,0,Lalanoah,1,9,,Glenmoril.esm:00FD39,zzzGHMq02SubLalanoahGoToRoom,PACK
Glenmoril.esm:00FD37,zzzGHMq02Sub01Sc01,Glenmoril.esm:00FD2C,zzzGHMq02Sub01,6,2,Goroll,1,9,,Glenmoril.esm:00FD3A,zzzGHMq02SubGorollGoFrontRoom,PACK
Glenmoril.esm:008656,zzzLrhMq09Sc04,Glenmoril.esm:0085BD,zzzLrhMq09,1,1,Lalanoah,0,0,,Glenmoril.esm:008657,zzzLrhMq09LalanoahBackToKanra,PACK
Glenmoril.esm:008656,zzzLrhMq09Sc04,Glenmoril.esm:0085BD,zzzLrhMq09,2,3,Skoll,0,0,,Glenmoril.esm:008658,zzzLrhMq09SkollBackToKanra,PACK
Glenmoril.esm:008656,zzzLrhMq09Sc04,Glenmoril.esm:0085BD,zzzLrhMq09,3,1,Lalanoah,1,3,,Glenmoril.esm:008657,zzzLrhMq09LalanoahBackToKanra,PACK
Glenmoril.esm:008656,zzzLrhMq09Sc04,Glenmoril.esm:0085BD,zzzLrhMq09,4,3,Skoll,1,6,,Glenmoril.esm:008658,zzzLrhMq09SkollBackToKanra,PACK
Glenmoril.esm:008656,zzzLrhMq09Sc04,Glenmoril.esm:0085BD,zzzLrhMq09,9,1,Lalanoah,4,4,,Glenmoril.esm:008663,zzzLrhMq09LalalnoaGoToThrowingPosition,PACK
Glenmoril.esm:008656,zzzLrhMq09Sc04,Glenmoril.esm:0085BD,zzzLrhMq09,10,1,Lalanoah,5,5,,Glenmoril.esm:008663,zzzLrhMq09LalalnoaGoToThrowingPosition,PACK
Glenmoril.esm:008656,zzzLrhMq09Sc04,Glenmoril.esm:0085BD,zzzLrhMq09,11,1,Lalanoah,6,6,,Glenmoril.esm:008664,zzzLrhMq09LalanoahThrowPotion,PACK
Glenmoril.esm:0146FD,zzzGHSkit04Sc03,Glenmoril.esm:0146C0,zzzGHSkit04,1,0,D8284,0,0,,Glenmoril.esm:0146FE,zzzGHSkit04YatsuStayWithHoney,PACK
Glenmoril.esm:0146FD,zzzGHSkit04Sc03,Glenmoril.esm:0146C0,zzzGHSkit04,2,1,Honey,0,0,,Glenmoril.esm:0146FF,zzzGHSkit04HoneyStayWithYatsu,PACK
Glenmoril.esm:0146FD,zzzGHSkit04Sc03,Glenmoril.esm:0146C0,zzzGHSkit04,3,2,Darling,0,2,,Skyrim.esm:0CA348,,
Glenmoril.esm:0146FD,zzzGHSkit04Sc03,Glenmoril.esm:0146C0,zzzGHSkit04,4,0,D8284,1,8,,Glenmoril.esm:0146FE,zzzGHSkit04YatsuStayWithHoney,PACK
Glenmoril.esm:0146FD,zzzGHSkit04Sc03,Glenmoril.esm:0146C0,zzzGHSkit04,5,1,Honey,1,9,,Glenmoril.esm:0146FF,zzzGHSkit04HoneyStayWithYatsu,PACK
Glenmoril.esm:0146FD,zzzGHSkit04Sc03,Glenmoril.esm:0146C0,zzzGHSkit04,8,2,Darling,3,3,,Glenmoril.esm:014704,zzzGHSkit04DarlingFindHoney,PACK
Glenmoril.esm:0146FD,zzzGHSkit04Sc03,Glenmoril.esm:0146C0,zzzGHSkit04,9,2,Darling,4,7,,Glenmoril.esm:014704,zzzGHSkit04DarlingFindHoney,PACK
Glenmoril.esm:0146FD,zzzGHSkit04Sc03,Glenmoril.esm:0146C0,zzzGHSkit04,15,2,Darling,8,8,,Glenmoril.esm:01470F,zzzGHSkit04DarlingDrawWeapon,PACK
Glenmoril.esm:0146FD,zzzGHSkit04Sc03,Glenmoril.esm:0146C0,zzzGHSkit04,17,0,D8284,9,10,,Glenmoril.esm:014712,zzzGHSkit04YatsuEsacao,PACK
Glenmoril.esm:0146FD,zzzGHSkit04Sc03,Glenmoril.esm:0146C0,zzzGHSkit04,18,2,Darling,9,10,,Glenmoril.esm:014714,zzzGHSkit04DarlingChaseYatsu,PACK
Glenmoril.esm:0146FD,zzzGHSkit04Sc03,Glenmoril.esm:0146C0,zzzGHSkit04,19,1,Honey,10,10,,Glenmoril.esm:014715,zzzGHSkit04HoneyEscape,PACK
Glenmoril.esm:014B53,zzzGHMq05Sub05Sc01,Glenmoril.esm:014B4A,zzzGHMq05Sub05,12,0,Black,1,11,,Glenmoril.esm:014B6F,zzzGHMq05Sub05BlackReadingBook,PACK
Glenmoril.esm:014B53,zzzGHMq05Sub05Sc01,Glenmoril.esm:014B4A,zzzGHMq05Sub05,13,1,Gray,10,11,,Glenmoril.esm:014B71,zzzGHMq05Sub05OrlandBackToSkyrim,PACK
Glenmoril.esm:007E88,zzzLrhMq04ScBloodPool,Glenmoril.esm:007E5E,zzzLrhMq04,2,0,Brandt,0,0,,Glenmoril.esm:007EAD,zzzLrhMq04BrandtMovetoBloodPool,PACK
Glenmoril.esm:0086C3,zzzLrhMq10Sc03,Glenmoril.esm:008685,zzzLrhMq10,1,1,Brandt,0,0,,Glenmoril.esm:0086C4,zzzLrhMq10BrandtWaitPlayerBeastLair,PACK
Glenmoril.esm:0124B2,zzzGHMq03ScMedical,Glenmoril.esm:01230D,zzzGHMq03,1,2,Ozwald,0,0,,Glenmoril.esm:0124B3,zzzGHMq03OzwaldGetMedicalCheck,PACK
Glenmoril.esm:0124B2,zzzGHMq03ScMedical,Glenmoril.esm:01230D,zzzGHMq03,2,1,Romion,0,0,,Glenmoril.esm:0124B4,zzzGHMq03RomionDoMedicalCheck,PACK
Glenmoril.esm:0124B2,zzzGHMq03ScMedical,Glenmoril.esm:01230D,zzzGHMq03,3,0,DweGear,0,0,,Glenmoril.esm:0124B5,zzzGHMq03DweGearWatchMedicalCheck,PACK
Glenmoril.esm:0124B2,zzzGHMq03ScMedical,Glenmoril.esm:01230D,zzzGHMq03,4,2,Ozwald,1,4,,Glenmoril.esm:0124B3,zzzGHMq03OzwaldGetMedicalCheck,PACK
Glenmoril.esm:0124B2,zzzGHMq03ScMedical,Glenmoril.esm:01230D,zzzGHMq03,5,1,Romion,1,4,,Skyrim.esm:0CA348,,
Glenmoril.esm:0124B2,zzzGHMq03ScMedical,Glenmoril.esm:01230D,zzzGHMq03,6,0,DweGear,1,4,,Glenmoril.esm:0124B5,zzzGHMq03DweGearWatchMedicalCheck,PACK
Glenmoril.esm:11E090,zzzLaMMq04ScFlyAway,Glenmoril.esm:11E085,zzzLaMMq04,1,6,Boss,0,0,,Glenmoril.esm:11E091,zzzLaMMq04OzwaldFlyAway,PACK
Glenmoril.esm:00EEAD,zzzGHMq02ScDetect,Glenmoril.esm:00E3EC,zzzGHMq02,1,2,Ozwald,0,0,,Glenmoril.esm:00EEAE,zzzGhMq02OzwaldSearchWitch,PACK
Glenmoril.esm:00EEAD,zzzGHMq02ScDetect,Glenmoril.esm:00E3EC,zzzGHMq02,2,0,DweGear,0,0,,Glenmoril.esm:00EEAF,zzzGHMq02DweGearSearchWitch,PACK
Glenmoril.esm:00EEAD,zzzGHMq02ScDetect,Glenmoril.esm:00E3EC,zzzGHMq02,3,2,Ozwald,1,4,,Glenmoril.esm:00EEAE,zzzGhMq02OzwaldSearchWitch,PACK
Glenmoril.esm:00EEAD,zzzGHMq02ScDetect,Glenmoril.esm:00E3EC,zzzGHMq02,4,0,DweGear,1,5,,Glenmoril.esm:00EEAF,zzzGHMq02DweGearSearchWitch,PACK
Glenmoril.esm:00EEAD,zzzGHMq02ScDetect,Glenmoril.esm:00E3EC,zzzGHMq02,10,2,Ozwald,5,5,,Glenmoril.esm:00EEBA,zzzGHMq02OzwaldWalkToCoffin,PACK
Glenmoril.esm:38F152,zzzRevBqAhzidalSc01,Glenmoril.esm:38F141,zzzRevBossQuestAhzidal,5,0,Boss01,0,0,,Glenmoril.esm:38F15A,zzzRevBqAhzidalLeanTable,PACK
Glenmoril.esm:38F152,zzzRevBqAhzidalSc01,Glenmoril.esm:38F141,zzzRevBossQuestAhzidal,6,0,Boss01,1,2,,Glenmoril.esm:38F15A,zzzRevBqAhzidalLeanTable,PACK
Glenmoril.esm:38F152,zzzRevBqAhzidalSc01,Glenmoril.esm:38F141,zzzRevBossQuestAhzidal,7,0,Boss01,3,3,,Glenmoril.esm:38F15C,zzzRevBqAhzidalLookBacj,PACK
Glenmoril.esm:3D45E1,zzzRevCqPedlarSc01,Glenmoril.esm:3D45DE,zzzRevCqPedlar,1,2,C01,0,0,,Glenmoril.esm:3D45E0,zzzRevCqPC01AttackPedlar,PACK
Glenmoril.esm:3D45E1,zzzRevCqPedlarSc01,Glenmoril.esm:3D45DE,zzzRevCqPedlar,4,2,C01,1,2,,Glenmoril.esm:3D45E0,zzzRevCqPC01AttackPedlar,PACK
Glenmoril.esm:00866C,zzzLrhMq09sc05,Glenmoril.esm:0085BD,zzzLrhMq09,1,1,Lalanoah,0,0,,Glenmoril.esm:00866D,zzzLrhMq09LalanoahTalkToGoroll,PACK
Glenmoril.esm:00866C,zzzLrhMq09sc05,Glenmoril.esm:0085BD,zzzLrhMq09,2,2,Goroll,0,0,,Glenmoril.esm:00866F,zzzLrhMq09GorollTalkToLalanoah,PACK
Glenmoril.esm:00866C,zzzLrhMq09sc05,Glenmoril.esm:0085BD,zzzLrhMq09,10,1,Lalanoah,1,7,,Glenmoril.esm:00866D,zzzLrhMq09LalanoahTalkToGoroll,PACK
Glenmoril.esm:00866C,zzzLrhMq09sc05,Glenmoril.esm:0085BD,zzzLrhMq09,11,2,Goroll,1,7,,Glenmoril.esm:00866F,zzzLrhMq09GorollTalkToLalanoah,PACK
Glenmoril.esm:10E0B3,zzzLaMMq03ScTime03,Glenmoril.esm:103B86,zzzLaMMq03,1,16,Ally01,0,1,,Glenmoril.esm:10E0B4,zzzLaMMq03Ally01CloseToPlayer,PACK
Glenmoril.esm:012367,zzzGHMq03ScSearch,Glenmoril.esm:01230D,zzzGHMq03,1,2,Ozwald,0,0,,Glenmoril.esm:012368,zzzGHMq03OzwaldAskRomionWorkshop,PACK
Glenmoril.esm:012367,zzzGHMq03ScSearch,Glenmoril.esm:01230D,zzzGHMq03,3,1,Romion,0,0,,Glenmoril.esm:012369,zzzGHMq03RomionSearchGlasses,PACK
Glenmoril.esm:012367,zzzGHMq03ScSearch,Glenmoril.esm:01230D,zzzGHMq03,4,0,DweGear,0,0,,Skyrim.esm:016FA9,,
Glenmoril.esm:012367,zzzGHMq03ScSearch,Glenmoril.esm:01230D,zzzGHMq03,5,2,Ozwald,1,10,,Glenmoril.esm:012368,zzzGHMq03OzwaldAskRomionWorkshop,PACK
Glenmoril.esm:012367,zzzGHMq03ScSearch,Glenmoril.esm:01230D,zzzGHMq03,6,1,Romion,1,4,,Glenmoril.esm:012369,zzzGHMq03RomionSearchGlasses,PACK
Glenmoril.esm:012367,zzzGHMq03ScSearch,Glenmoril.esm:01230D,zzzGHMq03,10,0,DweGear,1,10,,Skyrim.esm:016FA9,,
Glenmoril.esm:012367,zzzGHMq03ScSearch,Glenmoril.esm:01230D,zzzGHMq03,11,1,Romion,5,10,,Skyrim.esm:0CA348,,
Glenmoril.esm:007E7C,zzzLrhMq04ScCrate,Glenmoril.esm:007E5E,zzzLrhMq04,2,0,Brandt,0,0,,Glenmoril.esm:007EAF,zzzLrhMq04BrandtMoveToCrate,PACK
Glenmoril.esm:0179A1,zzzGHMq06ScEnd,Glenmoril.esm:017733,zzzGHMq06,1,6,Jazel,0,0,,Glenmoril.esm:0179A2,zzzGHMq06JazelComeSanctuary,PACK
Glenmoril.esm:0179A1,zzzGHMq06ScEnd,Glenmoril.esm:017733,zzzGHMq06,2,4,Ozwald,0,0,,Glenmoril.esm:0179A3,zzzGHMq06OzwaldStayEpigraph,PACK
Glenmoril.esm:0179A1,zzzGHMq06ScEnd,Glenmoril.esm:017733,zzzGHMq06,3,4,Ozwald,1,10,,Glenmoril.esm:0179A3,zzzGHMq06OzwaldStayEpigraph,PACK
Glenmoril.esm:0179A1,zzzGHMq06ScEnd,Glenmoril.esm:017733,zzzGHMq06,4,6,Jazel,1,10,,Glenmoril.esm:0179A4,zzzGHMq06JazelGoToEpigraph,PACK
Glenmoril.esm:01724F,zzzGHMq05ScGateOpen,Glenmoril.esm:01719C,zzzGHMq05,1,1,Romion,0,0,,Glenmoril.esm:017250,zzzGHMq05RomionUseCosole,PACK
Glenmoril.esm:01724F,zzzGHMq05ScGateOpen,Glenmoril.esm:01719C,zzzGHMq05,2,0,DweGear,0,0,,Glenmoril.esm:017251,zzzGHMq05DweGearUseConsole,PACK
Glenmoril.esm:01724F,zzzGHMq05ScGateOpen,Glenmoril.esm:01719C,zzzGHMq05,3,2,Ozwald,0,0,,Glenmoril.esm:017252,zzzGHMq05OzwaldStayFrontPortal,PACK
Glenmoril.esm:01724F,zzzGHMq05ScGateOpen,Glenmoril.esm:01719C,zzzGHMq05,4,1,Romion,1,2,,Glenmoril.esm:017250,zzzGHMq05RomionUseCosole,PACK
Glenmoril.esm:01724F,zzzGHMq05ScGateOpen,Glenmoril.esm:01719C,zzzGHMq05,5,0,DweGear,1,2,,Glenmoril.esm:017251,zzzGHMq05DweGearUseConsole,PACK
Glenmoril.esm:01724F,zzzGHMq05ScGateOpen,Glenmoril.esm:01719C,zzzGHMq05,6,2,Ozwald,1,3,,Glenmoril.esm:017252,zzzGHMq05OzwaldStayFrontPortal,PACK
Glenmoril.esm:01724F,zzzGHMq05ScGateOpen,Glenmoril.esm:01719C,zzzGHMq05,10,2,Ozwald,4,4,,Glenmoril.esm:01725A,zzzGHMq05OzwaldWarpToQuagmire,PACK
Glenmoril.esm:01474B,zzzGHSkit03Sc01,Glenmoril.esm:014749,zzzGHSkit03,1,0,Yatsu,0,0,,Glenmoril.esm:01474C,zzzGHSkit03YatsuMeetZombie,PACK
Glenmoril.esm:01474B,zzzGHSkit03Sc01,Glenmoril.esm:014749,zzzGHSkit03,2,1,Zombie,0,0,,Glenmoril.esm:01474D,zzzGHSkit03ZombieMeetYatsu,PACK
Glenmoril.esm:01474B,zzzGHSkit03Sc01,Glenmoril.esm:014749,zzzGHSkit03,3,0,Yatsu,1,11,,Glenmoril.esm:01474C,zzzGHSkit03YatsuMeetZombie,PACK
Glenmoril.esm:01474B,zzzGHSkit03Sc01,Glenmoril.esm:014749,zzzGHSkit03,4,1,Zombie,1,12,,Glenmoril.esm:01474D,zzzGHSkit03ZombieMeetYatsu,PACK
Glenmoril.esm:01474B,zzzGHSkit03Sc01,Glenmoril.esm:014749,zzzGHSkit03,17,0,Yatsu,12,13,,Glenmoril.esm:014766,zzzGHSkit03YastuBack01,PACK
Glenmoril.esm:01474B,zzzGHSkit03Sc01,Glenmoril.esm:014749,zzzGHSkit03,18,1,Zombie,13,13,,Glenmoril.esm:014767,zzzGHSkit03ZobieBack,PACK
Glenmoril.esm:00790E,zzzLrhMq03Sc01,Glenmoril.esm:00790A,zzzLrhMq03,2,1,Goron,0,0,,Glenmoril.esm:007910,zzzLRHMq03Sc01GoronStayNearKanra,PACK
Glenmoril.esm:00790E,zzzLrhMq03Sc01,Glenmoril.esm:00790A,zzzLrhMq03,3,3,Kanra,0,0,,Glenmoril.esm:007911,zzzLRHMq03Sc01KanraWound,PACK
Glenmoril.esm:00790E,zzzLrhMq03Sc01,Glenmoril.esm:00790A,zzzLrhMq03,4,2,Skoll,0,0,,Glenmoril.esm:007912,zzzLRHMq03Sc01SkollStayNearKanra,PACK
Glenmoril.esm:00790E,zzzLrhMq03Sc01,Glenmoril.esm:00790A,zzzLrhMq03,5,1,Goron,1,9,,Glenmoril.esm:007910,zzzLRHMq03Sc01GoronStayNearKanra,PACK
Glenmoril.esm:00790E,zzzLrhMq03Sc01,Glenmoril.esm:00790A,zzzLrhMq03,6,3,Kanra,1,9,,Glenmoril.esm:007911,zzzLRHMq03Sc01KanraWound,PACK
Glenmoril.esm:00790E,zzzLrhMq03Sc01,Glenmoril.esm:00790A,zzzLrhMq03,7,2,Skoll,1,9,,Glenmoril.esm:007912,zzzLRHMq03Sc01SkollStayNearKanra,PACK
Glenmoril.esm:00790E,zzzLrhMq03Sc01,Glenmoril.esm:00790A,zzzLrhMq03,8,0,Lalanoah,1,8,,Glenmoril.esm:007914,zzzLRHMq03Sc01LalanoahHealKanra,PACK
Glenmoril.esm:00790E,zzzLrhMq03Sc01,Glenmoril.esm:00790A,zzzLrhMq03,17,0,Lalanoah,9,9,,Glenmoril.esm:00790F,zzzLRHMq03Sc01LalanoahStayNearKanra,PACK
Glenmoril.esm:00790E,zzzLrhMq03Sc01,Glenmoril.esm:00790A,zzzLrhMq03,19,0,Lalanoah,0,0,,Glenmoril.esm:00790F,zzzLRHMq03Sc01LalanoahStayNearKanra,PACK
Glenmoril.esm:014A43,zzzGHMq05Sub03Sc01,Glenmoril.esm:014A42,zzzGHMq05Sub03,20,1,Boy,2,17,,Skyrim.esm:0CA348,,
Glenmoril.esm:014A43,zzzGHMq05Sub03Sc01,Glenmoril.esm:014A42,zzzGHMq05Sub03,21,0,Owl,2,18,,Glenmoril.esm:014A68,zzzGHM05OrlandCloseToBOY,PACK
Glenmoril.esm:00FF24,zzzGHMq02Sub01Sc06,Glenmoril.esm:00FD2C,zzzGHMq02Sub01,1,0,Lalanoah,0,0,,Glenmoril.esm:00FF25,zzzGhMq02SubLalanoahBackToHome,PACK
Glenmoril.esm:00FF24,zzzGHMq02Sub01Sc06,Glenmoril.esm:00FD2C,zzzGHMq02Sub01,2,2,Goroll,0,0,,Glenmoril.esm:00FF26,zzzGHMq02SubGorollWaitLalanoahBack,PACK
Glenmoril.esm:00FF24,zzzGHMq02Sub01Sc06,Glenmoril.esm:00FD2C,zzzGHMq02Sub01,3,0,Lalanoah,1,3,,Glenmoril.esm:00FF25,zzzGhMq02SubLalanoahBackToHome,PACK
Glenmoril.esm:00FF24,zzzGHMq02Sub01Sc06,Glenmoril.esm:00FD2C,zzzGHMq02Sub01,4,2,Goroll,1,3,,Glenmoril.esm:00FF26,zzzGHMq02SubGorollWaitLalanoahBack,PACK
Glenmoril.esm:00FF24,zzzGHMq02Sub01Sc06,Glenmoril.esm:00FD2C,zzzGHMq02Sub01,9,2,Goroll,4,9,,Glenmoril.esm:00FF2F,zzzGHMq02SubGorollMoveToTable,PACK
Glenmoril.esm:00FF24,zzzGHMq02Sub01Sc06,Glenmoril.esm:00FD2C,zzzGHMq02Sub01,10,0,Lalanoah,4,4,,Glenmoril.esm:00FF30,zzzGHMq02SubLalanoahEat,PACK
Glenmoril.esm:00FF24,zzzGHMq02Sub01Sc06,Glenmoril.esm:00FD2C,zzzGHMq02Sub01,11,0,Lalanoah,5,9,,Glenmoril.esm:00FF30,zzzGHMq02SubLalanoahEat,PACK
Glenmoril.esm:008434,zzzLrhMq08Sc01,Glenmoril.esm:008431,zzzLrhMq08,1,1,Jazel,0,0,,Glenmoril.esm:008435,zzzLrhMq08JazelFindDoorWay,PACK
Glenmoril.esm:008434,zzzLrhMq08Sc01,Glenmoril.esm:008431,zzzLrhMq08,2,1,Jazel,1,1,,Glenmoril.esm:008435,zzzLrhMq08JazelFindDoorWay,PACK
Glenmoril.esm:008426,zzzLrhMq07sc3,Glenmoril.esm:0083AC,zzzLrhMq07,1,6,OwlWhite,0,0,,Glenmoril.esm:008427,zzzLrhMq07OwlWaitPlayer,PACK
Glenmoril.esm:008426,zzzLrhMq07sc3,Glenmoril.esm:0083AC,zzzLrhMq07,2,6,OwlWhite,1,2,,Glenmoril.esm:008427,zzzLrhMq07OwlWaitPlayer,PACK
Glenmoril.esm:00835B,zzzLrhMq06sc05,Glenmoril.esm:0082EE,zzzLrhMq06,1,0,Brandt,0,0,,Glenmoril.esm:00835C,zzzLrhMq06BrandtEscortPlayerToBeastLair,PACK
Glenmoril.esm:009B84,zzzGHMq01SideASc01,Glenmoril.esm:009B83,zzzGHMq01SideA,3,0,Chaplain,0,2,,Skyrim.esm:0CA348,,
Glenmoril.esm:00EF34,zzzGHMq02GESc02,Glenmoril.esm:00EEFA,zzzGHMq02GoodEnd,1,1,DChild,0,0,,Glenmoril.esm:00EF35,zzzGHMq02ChildRunToMam,PACK
Glenmoril.esm:00EF34,zzzGHMq02GESc02,Glenmoril.esm:00EEFA,zzzGHMq02GoodEnd,2,1,DChild,1,3,,Glenmoril.esm:00EF35,zzzGHMq02ChildRunToMam,PACK
Glenmoril.esm:11E0E4,zzzLaMMq04ScBed,Glenmoril.esm:11E085,zzzLaMMq04,1,10,LalanoahW,0,0,,Glenmoril.esm:11E0E5,zzzLaMMq04LalanoahSleep,PACK
Glenmoril.esm:58DF2C,zzzRevCqLeaperSc05,Glenmoril.esm:5872E4,zzzRevCqLeaper,1,0,Leaper,0,0,,Glenmoril.esm:58DF2D,zzzRevCqLeaperThrowMundusIntoAlduin,PACK
Glenmoril.esm:58DF2C,zzzRevCqLeaperSc05,Glenmoril.esm:5872E4,zzzRevCqLeaper,2,0,Leaper,1,3,,Glenmoril.esm:58DF2D,zzzRevCqLeaperThrowMundusIntoAlduin,PACK
Glenmoril.esm:014769,zzzGHSkit03Sc02,Glenmoril.esm:014749,zzzGHSkit03,1,0,Yatsu,0,0,,Glenmoril.esm:01476A,zzzGhSkit03YatsuMeetGhost,PACK
Glenmoril.esm:014769,zzzGHSkit03Sc02,Glenmoril.esm:014749,zzzGHSkit03,2,2,Ghost,0,0,,Glenmoril.esm:01476B,zzzGhSkit03GhostMeetYatsu,PACK
Glenmoril.esm:014769,zzzGHSkit03Sc02,Glenmoril.esm:014749,zzzGHSkit03,3,0,Yatsu,1,11,,Glenmoril.esm:01476A,zzzGhSkit03YatsuMeetGhost,PACK
Glenmoril.esm:014769,zzzGHSkit03Sc02,Glenmoril.esm:014749,zzzGHSkit03,4,2,Ghost,1,7,,Glenmoril.esm:01476B,zzzGhSkit03GhostMeetYatsu,PACK
Glenmoril.esm:014769,zzzGHSkit03Sc02,Glenmoril.esm:014749,zzzGHSkit03,16,2,Ghost,8,10,,Glenmoril.esm:014783,zzzGHSkit03GhostLookBack,PACK
Glenmoril.esm:014769,zzzGHSkit03Sc02,Glenmoril.esm:014749,zzzGHSkit03,17,0,Yatsu,12,12,,Glenmoril.esm:014784,zzzGHSkit03YatsuBack02,PACK
Glenmoril.esm:474F13,zzzLrhTorvesardSc01,Glenmoril.esm:474F0F,zzzLrhQTorvesardContact,1,0,Torvesard,0,1,,Glenmoril.esm:474F14,zzzLrhTCDreamTorvesardWait,PACK
Glenmoril.esm:474F13,zzzLrhTorvesardSc01,Glenmoril.esm:474F0F,zzzLrhQTorvesardContact,4,0,Torvesard,2,2,,Glenmoril.esm:474F19,zzzLrhTCDreamTorvesardFindPlayer,PACK
Glenmoril.esm:474F13,zzzLrhTorvesardSc01,Glenmoril.esm:474F0F,zzzLrhQTorvesardContact,5,0,Torvesard,3,3,,Glenmoril.esm:474F19,zzzLrhTCDreamTorvesardFindPlayer,PACK
Glenmoril.esm:007E85,zzzLrhMq04ScHorse,Glenmoril.esm:007E5E,zzzLrhMq04,2,0,Brandt,0,0,,Glenmoril.esm:007EB1,zzzLrhMq04BrandtMoveToHorse,PACK
Glenmoril.esm:012963,zzzGHMq03S01ScStart,Glenmoril.esm:012962,zzzGHMq03Sub01,1,0,Brandt,0,0,,Glenmoril.esm:012964,zzzGHMq03S01BrandtWaitPlayerInHouse,PACK
Glenmoril.esm:012963,zzzGHMq03S01ScStart,Glenmoril.esm:012962,zzzGHMq03Sub01,2,1,Lalanoah,0,0,,Glenmoril.esm:012965,zzzGHMq03S01LalanoahWaitPlayerInHouse,PACK
Glenmoril.esm:012963,zzzGHMq03S01ScStart,Glenmoril.esm:012962,zzzGHMq03Sub01,3,0,Brandt,1,10,,Glenmoril.esm:012964,zzzGHMq03S01BrandtWaitPlayerInHouse,PACK
Glenmoril.esm:012963,zzzGHMq03S01ScStart,Glenmoril.esm:012962,zzzGHMq03Sub01,4,1,Lalanoah,1,10,,Glenmoril.esm:012965,zzzGHMq03S01LalanoahWaitPlayerInHouse,PACK
Glenmoril.esm:53000A,zzzRevSub04ScTv01,Glenmoril.esm:51525D,zzzRevSub04,4,4,Tovesard,3,3,,Glenmoril.esm:536B04,zzzRevSq04TorvesardRevealStaff,PACK
Glenmoril.esm:53000A,zzzRevSub04ScTv01,Glenmoril.esm:51525D,zzzRevSub04,9,4,Tovesard,2,2,,Glenmoril.esm:536B07,zzzRevSub04TorvesardLookStaff,PACK
Glenmoril.esm:53000A,zzzRevSub04ScTv01,Glenmoril.esm:51525D,zzzRevSub04,10,4,Tovesard,4,6,,Glenmoril.esm:536B07,zzzRevSub04TorvesardLookStaff,PACK
Glenmoril.esm:007ECC,zzzLrhMq04Sc03,Glenmoril.esm:007E5E,zzzLrhMq04,1,0,Brandt,0,0,,Glenmoril.esm:007ECD,zzzLrhMq04BrandtFintTraderCorpse,PACK
Glenmoril.esm:007ECC,zzzLrhMq04Sc03,Glenmoril.esm:007E5E,zzzLrhMq04,2,0,Brandt,1,1,,Glenmoril.esm:007ECD,zzzLrhMq04BrandtFintTraderCorpse,PACK
Glenmoril.esm:017655,zzzGHMq05Sub06Sc01,Glenmoril.esm:017654,zzzGHMq05Sub06,5,0,Owl,4,4,,Glenmoril.esm:01765C,zzzGHmq05S06OwlSit,PACK
Glenmoril.esm:017655,zzzGHMq05Sub06Sc01,Glenmoril.esm:017654,zzzGHMq05Sub06,6,0,Owl,5,8,,Glenmoril.esm:01765C,zzzGHmq05S06OwlSit,PACK
Glenmoril.esm:017847,zzzGHMq06ScCannon,Glenmoril.esm:017733,zzzGHMq06,1,6,Jazel,0,0,,Glenmoril.esm:017848,zzzGHMq06JazelMoveToCannon,PACK
Glenmoril.esm:017847,zzzGHMq06ScCannon,Glenmoril.esm:017733,zzzGHMq06,2,6,Jazel,1,2,,Glenmoril.esm:017848,zzzGHMq06JazelMoveToCannon,PACK
Glenmoril.esm:536B4D,zzzRevSub04ScTvEnd02,Glenmoril.esm:51525D,zzzRevSub04,4,4,Tovesard,2,2,,Glenmoril.esm:536B54,zzzRevSub04TovesandEnd02DrawWeapon,PACK
Glenmoril.esm:01238A,zzzGHMq03ScReady,Glenmoril.esm:01230D,zzzGHMq03,1,2,Ozwald,0,3,,Skyrim.esm:0CA348,,
Glenmoril.esm:01238A,zzzGHMq03ScReady,Glenmoril.esm:01230D,zzzGHMq03,2,1,Romion,0,3,,Skyrim.esm:0CA348,,
Glenmoril.esm:014D0E,zzzGHMq04Sub01ScBack01,Glenmoril.esm:014C39,zzzGHMq04Sub01,1,0,Lalanoah,0,0,,Glenmoril.esm:014D10,zzzGHMq04S01LalanoahTakeStaff,PACK
Glenmoril.esm:014D0E,zzzGHMq04Sub01ScBack01,Glenmoril.esm:014C39,zzzGHMq04Sub01,2,0,Lalanoah,1,2,,Glenmoril.esm:014D10,zzzGHMq04S01LalanoahTakeStaff,PACK
Glenmoril.esm:014D0E,zzzGHMq04Sub01ScBack01,Glenmoril.esm:014C39,zzzGHMq04Sub01,5,0,Lalanoah,3,3,,Glenmoril.esm:014D16,zzzGHMq04S01LalanoahBackHome01,PACK
Glenmoril.esm:014D0E,zzzGHMq04Sub01ScBack01,Glenmoril.esm:014C39,zzzGHMq04Sub01,6,0,Lalanoah,4,5,,Glenmoril.esm:014D16,zzzGHMq04S01LalanoahBackHome01,PACK
Glenmoril.esm:014D0E,zzzGHMq04Sub01ScBack01,Glenmoril.esm:014C39,zzzGHMq04Sub01,9,0,Lalanoah,6,6,,Glenmoril.esm:014D1C,zzzGHMq04S01LalanoahBackHone02,PACK
Glenmoril.esm:014D0E,zzzGHMq04Sub01ScBack01,Glenmoril.esm:014C39,zzzGHMq04Sub01,10,0,Lalanoah,7,8,,Glenmoril.esm:014D1C,zzzGHMq04S01LalanoahBackHone02,PACK
Glenmoril.esm:014D0E,zzzGHMq04Sub01ScBack01,Glenmoril.esm:014C39,zzzGHMq04Sub01,13,0,Lalanoah,9,9,,Glenmoril.esm:014D22,zzzGHMq04S01LalanoahBackHome03,PACK
Glenmoril.esm:014D0E,zzzGHMq04Sub01ScBack01,Glenmoril.esm:014C39,zzzGHMq04Sub01,14,0,Lalanoah,10,11,,Glenmoril.esm:014D22,zzzGHMq04S01LalanoahBackHome03,PACK
Glenmoril.esm:0087B9,zzzLrhMq10Sc08,Glenmoril.esm:008685,zzzLrhMq10,1,8,Owl,0,0,,Glenmoril.esm:0087BA,zzzLrhMq10OwlWaitPlayer,PACK
Glenmoril.esm:0087B9,zzzLrhMq10Sc08,Glenmoril.esm:008685,zzzLrhMq10,2,8,Owl,1,1,,Glenmoril.esm:0087BA,zzzLrhMq10OwlWaitPlayer,PACK
Glenmoril.esm:008768,zzzLrhMq10sc06,Glenmoril.esm:008685,zzzLrhMq10,2,2,Lalanoah,1,1,,Glenmoril.esm:00876B,zzzLrhMq10LalanoahRunToBrandt,PACK
Glenmoril.esm:008768,zzzLrhMq10sc06,Glenmoril.esm:008685,zzzLrhMq10,3,2,Lalanoah,2,7,,Glenmoril.esm:00876B,zzzLrhMq10LalanoahRunToBrandt,PACK
Glenmoril.esm:008768,zzzLrhMq10sc06,Glenmoril.esm:008685,zzzLrhMq10,13,1,Brandt,1,7,,Glenmoril.esm:008776,zzzLrhMq10BrandtCheerLalanoah,PACK
Glenmoril.esm:008768,zzzLrhMq10sc06,Glenmoril.esm:008685,zzzLrhMq10,14,3,Goroll,1,7,,Glenmoril.esm:008777,zzzLrhMq10GrollCheerLalanoah,PACK
Glenmoril.esm:008768,zzzLrhMq10sc06,Glenmoril.esm:008685,zzzLrhMq10,15,5,Kanra,1,7,,Glenmoril.esm:008779,zzzLrhMq10KanraCheerLalanoah,PACK
Glenmoril.esm:008768,zzzLrhMq10sc06,Glenmoril.esm:008685,zzzLrhMq10,16,0,Jazel,6,6,,Glenmoril.esm:00877A,zzzLrhMq10JazelGetOutLalanoahHouse,PACK
Glenmoril.esm:008768,zzzLrhMq10sc06,Glenmoril.esm:008685,zzzLrhMq10,17,0,Jazel,7,7,,Glenmoril.esm:00877A,zzzLrhMq10JazelGetOutLalanoahHouse,PACK
Glenmoril.esm:008705,zzzLrhMq10Sc05,Glenmoril.esm:008685,zzzLrhMq10,1,1,Brandt,0,2,,Glenmoril.esm:008706,zzzLrhMq10BrandtRunToLalanoah,PACK
Glenmoril.esm:008705,zzzLrhMq10Sc05,Glenmoril.esm:008685,zzzLrhMq10,2,4,Skoll,0,2,,Glenmoril.esm:008707,zzzLrhMq10SkollRunToLalanoah,PACK
Glenmoril.esm:008705,zzzLrhMq10Sc05,Glenmoril.esm:008685,zzzLrhMq10,3,1,Brandt,3,7,,Glenmoril.esm:008706,zzzLrhMq10BrandtRunToLalanoah,PACK
Glenmoril.esm:008705,zzzLrhMq10Sc05,Glenmoril.esm:008685,zzzLrhMq10,4,4,Skoll,3,7,,Glenmoril.esm:008707,zzzLrhMq10SkollRunToLalanoah,PACK
Glenmoril.esm:0086AF,zzzLrhMq10sc02,Glenmoril.esm:008685,zzzLrhMq10,1,1,Brandt,0,0,,Glenmoril.esm:0086B0,zzzLrhMq10BrandGuidePlayerBeastLair,PACK
Glenmoril.esm:0086AF,zzzLrhMq10sc02,Glenmoril.esm:008685,zzzLrhMq10,2,1,Brandt,1,1,,Glenmoril.esm:0086B1,zzzLrhMq10BrandtSearchWhiteBunny,PACK
Glenmoril.esm:0086AF,zzzLrhMq10sc02,Glenmoril.esm:008685,zzzLrhMq10,3,1,Brandt,2,4,,Glenmoril.esm:0086B1,zzzLrhMq10BrandtSearchWhiteBunny,PACK
Glenmoril.esm:00EEC3,zzzGHMq02ScWitch,Glenmoril.esm:00E3EC,zzzGHMq02,1,2,Ozwald,0,0,,Glenmoril.esm:00EEC4,zzzGHMq02OzwaldTravelToWitch,PACK
Glenmoril.esm:00EEC3,zzzGHMq02ScWitch,Glenmoril.esm:00E3EC,zzzGHMq02,2,0,DweGear,0,0,,Glenmoril.esm:00EEC5,zzzGHMq02DweGearTravelToWitch,PACK
Glenmoril.esm:00EEC3,zzzGHMq02ScWitch,Glenmoril.esm:00E3EC,zzzGHMq02,3,2,Ozwald,1,3,,Glenmoril.esm:00EEC4,zzzGHMq02OzwaldTravelToWitch,PACK
Glenmoril.esm:00EEC3,zzzGHMq02ScWitch,Glenmoril.esm:00E3EC,zzzGHMq02,4,0,DweGear,1,6,,Glenmoril.esm:00EEC5,zzzGHMq02DweGearTravelToWitch,PACK
Glenmoril.esm:00EEC3,zzzGHMq02ScWitch,Glenmoril.esm:00E3EC,zzzGHMq02,11,2,Ozwald,4,6,,Glenmoril.esm:00EED2,zzzGHMq02OzwaldSheathWeaponAtCrypt,PACK
Glenmoril.esm:00785D,zzzLrhMq02Sc01,Glenmoril.esm:007835,zzzLrhMq02,1,5,Brandt,0,0,,Glenmoril.esm:00785E,zzzLrhMq02BrandtTalkToJazel,PACK
Glenmoril.esm:00785D,zzzLrhMq02Sc01,Glenmoril.esm:007835,zzzLrhMq02,2,6,Jazel,0,0,,Glenmoril.esm:00785F,zzzLrhMq02JazelTalkToBrandt,PACK
Glenmoril.esm:00785D,zzzLrhMq02Sc01,Glenmoril.esm:007835,zzzLrhMq02,3,5,Brandt,1,14,,Glenmoril.esm:00785E,zzzLrhMq02BrandtTalkToJazel,PACK
Glenmoril.esm:00785D,zzzLrhMq02Sc01,Glenmoril.esm:007835,zzzLrhMq02,4,6,Jazel,1,15,,Glenmoril.esm:00785F,zzzLrhMq02JazelTalkToBrandt,PACK
Glenmoril.esm:00785D,zzzLrhMq02Sc01,Glenmoril.esm:007835,zzzLrhMq02,20,5,Brandt,15,15,,Glenmoril.esm:00787E,zzzLrhMq02Sc01BrandtBacktoLean,PACK
Glenmoril.esm:01234E,zzzGHMq03ScButcher,Glenmoril.esm:01230D,zzzGHMq03,1,4,Butcher,0,0,,Glenmoril.esm:01234F,zzzGHMq03ButcherMeetJazel,PACK
Glenmoril.esm:01234E,zzzGHMq03ScButcher,Glenmoril.esm:01230D,zzzGHMq03,2,4,Butcher,1,5,,Glenmoril.esm:01234F,zzzGHMq03ButcherMeetJazel,PACK
Glenmoril.esm:012326,zzzGHMq03ScSlaughter,Glenmoril.esm:01230D,zzzGHMq03,1,3,Jazel,0,0,,Glenmoril.esm:012327,zzzGHMq03JazelReadingBook,PACK
Glenmoril.esm:012326,zzzGHMq03ScSlaughter,Glenmoril.esm:01230D,zzzGHMq03,2,3,Jazel,1,4,,Glenmoril.esm:012327,zzzGHMq03JazelReadingBook,PACK
Glenmoril.esm:108E9E,zzzLaMMq03ScTime02,Glenmoril.esm:103B86,zzzLaMMq03,1,16,Ally01,0,0,,Glenmoril.esm:108E9D,zzzLaMMq03Ally01BackToDeck,PACK
Glenmoril.esm:012A01,zzzGHMq03S01ScFind,Glenmoril.esm:012962,zzzGHMq03Sub01,1,0,Brandt,0,0,,Glenmoril.esm:012A03,zzzGHMq03S01BrandtSearchKuma,PACK
Glenmoril.esm:012A01,zzzGHMq03S01ScFind,Glenmoril.esm:012962,zzzGHMq03Sub01,2,0,Brandt,1,4,,Glenmoril.esm:012A03,zzzGHMq03S01BrandtSearchKuma,PACK
Glenmoril.esm:008605,zzzLrhMq09sc02,Glenmoril.esm:0085BD,zzzLrhMq09,1,1,Lalanoah,0,2,,Glenmoril.esm:00862B,zzzLrhMq09LalanoahWaitSkollSearch,PACK
Glenmoril.esm:008605,zzzLrhMq09sc02,Glenmoril.esm:0085BD,zzzLrhMq09,2,3,Skoll,0,0,,Skyrim.esm:0CA348,,
Glenmoril.esm:008605,zzzLrhMq09sc02,Glenmoril.esm:0085BD,zzzLrhMq09,5,3,Skoll,1,1,,Glenmoril.esm:008609,zzzLrhMq09SkollFindingSmellMushroom,PACK
Glenmoril.esm:008605,zzzLrhMq09sc02,Glenmoril.esm:0085BD,zzzLrhMq09,6,3,Skoll,2,3,,Glenmoril.esm:008619,zzzLrhMq09SkollFIndCheese,PACK
Glenmoril.esm:008605,zzzLrhMq09sc02,Glenmoril.esm:0085BD,zzzLrhMq09,7,1,Lalanoah,3,3,,Glenmoril.esm:00861A,zzzLrhMq09LalanoahFindCheese,PACK
Glenmoril.esm:008605,zzzLrhMq09sc02,Glenmoril.esm:0085BD,zzzLrhMq09,8,1,Lalanoah,4,6,,Glenmoril.esm:00861A,zzzLrhMq09LalanoahFindCheese,PACK
Glenmoril.esm:008605,zzzLrhMq09sc02,Glenmoril.esm:0085BD,zzzLrhMq09,9,3,Skoll,4,5,,Glenmoril.esm:008619,zzzLrhMq09SkollFIndCheese,PACK
Glenmoril.esm:008605,zzzLrhMq09sc02,Glenmoril.esm:0085BD,zzzLrhMq09,12,3,Skoll,6,7,,Glenmoril.esm:00861D,zzzLrhMq09SkollFindBook,PACK
Glenmoril.esm:008605,zzzLrhMq09sc02,Glenmoril.esm:0085BD,zzzLrhMq09,14,1,Lalanoah,7,7,,Glenmoril.esm:00861E,zzzLrhMq09LalanoahFindBook,PACK
Glenmoril.esm:008605,zzzLrhMq09sc02,Glenmoril.esm:0085BD,zzzLrhMq09,15,1,Lalanoah,8,10,,Glenmoril.esm:00861E,zzzLrhMq09LalanoahFindBook,PACK
Glenmoril.esm:008605,zzzLrhMq09sc02,Glenmoril.esm:0085BD,zzzLrhMq09,16,3,Skoll,8,9,,Glenmoril.esm:00861D,zzzLrhMq09SkollFindBook,PACK
Glenmoril.esm:008605,zzzLrhMq09sc02,Glenmoril.esm:0085BD,zzzLrhMq09,20,3,Skoll,10,11,,Glenmoril.esm:008621,zzzLrhMq09SkollFindMeridiaBall,PACK
Glenmoril.esm:008605,zzzLrhMq09sc02,Glenmoril.esm:0085BD,zzzLrhMq09,21,1,Lalanoah,11,11,,Glenmoril.esm:008622,zzzLrhMq09LalanoahFindMeridiaBall,PACK
Glenmoril.esm:008605,zzzLrhMq09sc02,Glenmoril.esm:0085BD,zzzLrhMq09,22,1,Lalanoah,12,14,,Glenmoril.esm:008622,zzzLrhMq09LalanoahFindMeridiaBall,PACK
Glenmoril.esm:008605,zzzLrhMq09sc02,Glenmoril.esm:0085BD,zzzLrhMq09,23,3,Skoll,12,13,,Glenmoril.esm:008621,zzzLrhMq09SkollFindMeridiaBall,PACK
Glenmoril.esm:008605,zzzLrhMq09sc02,Glenmoril.esm:0085BD,zzzLrhMq09,27,3,Skoll,14,15,,Glenmoril.esm:008625,zzzLrhMq09SkollFindCave,PACK
Glenmoril.esm:008605,zzzLrhMq09sc02,Glenmoril.esm:0085BD,zzzLrhMq09,28,1,Lalanoah,15,15,,Glenmoril.esm:008626,zzzLrhMq09LalanoahFindCave,PACK
Glenmoril.esm:008605,zzzLrhMq09sc02,Glenmoril.esm:0085BD,zzzLrhMq09,29,1,Lalanoah,16,17,,Glenmoril.esm:008626,zzzLrhMq09LalanoahFindCave,PACK
Glenmoril.esm:008605,zzzLrhMq09sc02,Glenmoril.esm:0085BD,zzzLrhMq09,30,3,Skoll,16,17,,Glenmoril.esm:008625,zzzLrhMq09SkollFindCave,PACK
Glenmoril.esm:2EBCF8,zzzRevBq02ScHorse,Glenmoril.esm:1F73E6,zzzRevBossQuest02,1,2,Horse,0,0,,Glenmoril.esm:2EBCF9,zzzRevBq02HoserDeathRun,PACK
Glenmoril.esm:3D45AE,zzzRevBqDagothSc01,Glenmoril.esm:3CE9E4,zzzRevBossQuestDagoth,2,0,Boss01,2,2,,Glenmoril.esm:3D45AF,zzzRevBqDagothWalking,PACK
Glenmoril.esm:3D45AE,zzzRevBqDagothSc01,Glenmoril.esm:3CE9E4,zzzRevBossQuestDagoth,3,0,Boss01,0,1,,Skyrim.esm:0654FE,,
Glenmoril.esm:0085D3,zzzLrhMq09sc01,Glenmoril.esm:0085BD,zzzLrhMq09,1,0,Jazel,0,0,,Skyrim.esm:02C30B,,
Glenmoril.esm:008488,zzzLrhMq08ScFeathers,Glenmoril.esm:008431,zzzLrhMq08,2,0,Brandt,0,0,,Glenmoril.esm:0084B5,zzzLrhMq08BrandtCheckingFeather,PACK
Glenmoril.esm:008488,zzzLrhMq08ScFeathers,Glenmoril.esm:008431,zzzLrhMq08,4,0,Brandt,1,2,,Glenmoril.esm:0084B5,zzzLrhMq08BrandtCheckingFeather,PACK
Glenmoril.esm:123327,zzzLaMMq04ScJazel3,Glenmoril.esm:11E085,zzzLaMMq04,1,8,ChickTrader,0,0,,Glenmoril.esm:123328,zzzLaMMq04JazelMakePotion,PACK
Glenmoril.esm:123327,zzzLaMMq04ScJazel3,Glenmoril.esm:11E085,zzzLaMMq04,2,8,ChickTrader,1,1,,Glenmoril.esm:123328,zzzLaMMq04JazelMakePotion,PACK
Glenmoril.esm:123327,zzzLaMMq04ScJazel3,Glenmoril.esm:11E085,zzzLaMMq04,6,8,ChickTrader,2,3,,Skyrim.esm:0CA348,,
Glenmoril.esm:012492,zzzGHMq03ScArtur,Glenmoril.esm:01230D,zzzGHMq03,1,15,Artur,0,0,,Skyrim.esm:0CA348,,
Glenmoril.esm:012492,zzzGHMq03ScArtur,Glenmoril.esm:01230D,zzzGHMq03,2,15,Artur,1,2,,Skyrim.esm:0CA348,,
Glenmoril.esm:007E82,zzzLrhMq04ScGold,Glenmoril.esm:007E5E,zzzLrhMq04,2,0,Brandt,0,0,,Glenmoril.esm:007EB0,zzzLrhMq04BrandtMoveToGold,PACK
Glenmoril.esm:3B1BDD,zzzRevCqRuddymanSc02,Glenmoril.esm:3B1B6D,zzzRevCqRuddyman,4,2,Boss,1,2,,Glenmoril.esm:3B1BE2,zzzRevCqRuddyWaitPlayer,PACK
Glenmoril.esm:58DF5E,zzzRevCqLeaperSc06,Glenmoril.esm:5872E4,zzzRevCqLeaper,1,0,Leaper,0,0,,Glenmoril.esm:58DF2D,zzzRevCqLeaperThrowMundusIntoAlduin,PACK
Glenmoril.esm:58DF5E,zzzRevCqLeaperSc06,Glenmoril.esm:5872E4,zzzRevCqLeaper,2,0,Leaper,1,3,,Glenmoril.esm:58DF2D,zzzRevCqLeaperThrowMundusIntoAlduin,PACK
Glenmoril.esm:2EBCC2,zzzRevBq01Sc02,Glenmoril.esm:1F73CC,zzzRevBossQuest01,4,0,Boss01,1,2,,Skyrim.esm:02AC7B,,
Glenmoril.esm:0177C6,zzzGHMq06ScToCamp,Glenmoril.esm:017733,zzzGHMq06,1,4,Ozwald,0,0,,Glenmoril.esm:0177C7,zzzGHMq06OzwaldEscortToCamp,PACK
Glenmoril.esm:51BE67,zzzRevSub04ScD4C,Glenmoril.esm:51525D,zzzRevSub04,6,3,Boss,3,4,,Glenmoril.esm:53D663,zzzRevSub04JazelStandByCombat,PACK
Glenmoril.esm:108E9B,zzzLaMMq03ScTime01,Glenmoril.esm:103B86,zzzLaMMq03,1,16,Ally01,0,0,,Glenmoril.esm:108E9D,zzzLaMMq03Ally01BackToDeck,PACK
Glenmoril.esm:009B93,zzzGHMq01SideASc04,Glenmoril.esm:009B83,zzzGHMq01SideA,3,0,Chaplain,0,2,,Skyrim.esm:0CA348,,